--
-- PostgreSQL database dump
--

-- Dumped from database version 14.14 (Homebrew)
-- Dumped by pg_dump version 14.14 (Homebrew)

SET statement_timeout = 0;
SET lock_timeout = 0;
SET idle_in_transaction_session_timeout = 0;
SET client_encoding = 'UTF8';
SET standard_conforming_strings = on;
SELECT pg_catalog.set_config('search_path', '', false);
SET check_function_bodies = false;
SET xmloption = content;
SET client_min_messages = warning;
SET row_security = off;

SET default_tablespace = '';

SET default_table_access_method = heap;

--
-- Name: accounts_customuser; Type: TABLE; Schema: public; Owner: postgres
--

CREATE TABLE public.accounts_customuser (
    id bigint NOT NULL,
    password character varying(128) NOT NULL,
    last_login timestamp with time zone,
    is_superuser boolean NOT NULL,
    username character varying(150) NOT NULL,
    first_name character varying(150) NOT NULL,
    last_name character varying(150) NOT NULL,
    email character varying(254) NOT NULL,
    is_staff boolean NOT NULL,
    is_active boolean NOT NULL,
    date_joined timestamp with time zone NOT NULL,
    profile_photo character varying(100),
    bio text,
    birth_date date
);


ALTER TABLE public.accounts_customuser OWNER TO postgres;

--
-- Name: accounts_customuser_groups; Type: TABLE; Schema: public; Owner: postgres
--

CREATE TABLE public.accounts_customuser_groups (
    id bigint NOT NULL,
    customuser_id bigint NOT NULL,
    group_id integer NOT NULL
);


ALTER TABLE public.accounts_customuser_groups OWNER TO postgres;

--
-- Name: accounts_customuser_groups_id_seq; Type: SEQUENCE; Schema: public; Owner: postgres
--

ALTER TABLE public.accounts_customuser_groups ALTER COLUMN id ADD GENERATED BY DEFAULT AS IDENTITY (
    SEQUENCE NAME public.accounts_customuser_groups_id_seq
    START WITH 1
    INCREMENT BY 1
    NO MINVALUE
    NO MAXVALUE
    CACHE 1
);


--
-- Name: accounts_customuser_id_seq; Type: SEQUENCE; Schema: public; Owner: postgres
--

ALTER TABLE public.accounts_customuser ALTER COLUMN id ADD GENERATED BY DEFAULT AS IDENTITY (
    SEQUENCE NAME public.accounts_customuser_id_seq
    START WITH 1
    INCREMENT BY 1
    NO MINVALUE
    NO MAXVALUE
    CACHE 1
);


--
-- Name: accounts_customuser_user_permissions; Type: TABLE; Schema: public; Owner: postgres
--

CREATE TABLE public.accounts_customuser_user_permissions (
    id bigint NOT NULL,
    customuser_id bigint NOT NULL,
    permission_id integer NOT NULL
);


ALTER TABLE public.accounts_customuser_user_permissions OWNER TO postgres;

--
-- Name: accounts_customuser_user_permissions_id_seq; Type: SEQUENCE; Schema: public; Owner: postgres
--

ALTER TABLE public.accounts_customuser_user_permissions ALTER COLUMN id ADD GENERATED BY DEFAULT AS IDENTITY (
    SEQUENCE NAME public.accounts_customuser_user_permissions_id_seq
    START WITH 1
    INCREMENT BY 1
    NO MINVALUE
    NO MAXVALUE
    CACHE 1
);


--
-- Name: auth_group; Type: TABLE; Schema: public; Owner: postgres
--

CREATE TABLE public.auth_group (
    id integer NOT NULL,
    name character varying(150) NOT NULL
);


ALTER TABLE public.auth_group OWNER TO postgres;

--
-- Name: auth_group_id_seq; Type: SEQUENCE; Schema: public; Owner: postgres
--

ALTER TABLE public.auth_group ALTER COLUMN id ADD GENERATED BY DEFAULT AS IDENTITY (
    SEQUENCE NAME public.auth_group_id_seq
    START WITH 1
    INCREMENT BY 1
    NO MINVALUE
    NO MAXVALUE
    CACHE 1
);


--
-- Name: auth_group_permissions; Type: TABLE; Schema: public; Owner: postgres
--

CREATE TABLE public.auth_group_permissions (
    id bigint NOT NULL,
    group_id integer NOT NULL,
    permission_id integer NOT NULL
);


ALTER TABLE public.auth_group_permissions OWNER TO postgres;

--
-- Name: auth_group_permissions_id_seq; Type: SEQUENCE; Schema: public; Owner: postgres
--

ALTER TABLE public.auth_group_permissions ALTER COLUMN id ADD GENERATED BY DEFAULT AS IDENTITY (
    SEQUENCE NAME public.auth_group_permissions_id_seq
    START WITH 1
    INCREMENT BY 1
    NO MINVALUE
    NO MAXVALUE
    CACHE 1
);


--
-- Name: auth_permission; Type: TABLE; Schema: public; Owner: postgres
--

CREATE TABLE public.auth_permission (
    id integer NOT NULL,
    name character varying(255) NOT NULL,
    content_type_id integer NOT NULL,
    codename character varying(100) NOT NULL
);


ALTER TABLE public.auth_permission OWNER TO postgres;

--
-- Name: auth_permission_id_seq; Type: SEQUENCE; Schema: public; Owner: postgres
--

ALTER TABLE public.auth_permission ALTER COLUMN id ADD GENERATED BY DEFAULT AS IDENTITY (
    SEQUENCE NAME public.auth_permission_id_seq
    START WITH 1
    INCREMENT BY 1
    NO MINVALUE
    NO MAXVALUE
    CACHE 1
);


--
-- Name: auth_user; Type: TABLE; Schema: public; Owner: postgres
--

CREATE TABLE public.auth_user (
    id integer NOT NULL,
    password character varying(128) NOT NULL,
    last_login timestamp with time zone,
    is_superuser boolean NOT NULL,
    username character varying(150) NOT NULL,
    first_name character varying(150) NOT NULL,
    last_name character varying(150) NOT NULL,
    email character varying(254) NOT NULL,
    is_staff boolean NOT NULL,
    is_active boolean NOT NULL,
    date_joined timestamp with time zone NOT NULL
);


ALTER TABLE public.auth_user OWNER TO postgres;

--
-- Name: auth_user_groups; Type: TABLE; Schema: public; Owner: postgres
--

CREATE TABLE public.auth_user_groups (
    id bigint NOT NULL,
    user_id integer NOT NULL,
    group_id integer NOT NULL
);


ALTER TABLE public.auth_user_groups OWNER TO postgres;

--
-- Name: auth_user_groups_id_seq; Type: SEQUENCE; Schema: public; Owner: postgres
--

ALTER TABLE public.auth_user_groups ALTER COLUMN id ADD GENERATED BY DEFAULT AS IDENTITY (
    SEQUENCE NAME public.auth_user_groups_id_seq
    START WITH 1
    INCREMENT BY 1
    NO MINVALUE
    NO MAXVALUE
    CACHE 1
);


--
-- Name: auth_user_id_seq; Type: SEQUENCE; Schema: public; Owner: postgres
--

ALTER TABLE public.auth_user ALTER COLUMN id ADD GENERATED BY DEFAULT AS IDENTITY (
    SEQUENCE NAME public.auth_user_id_seq
    START WITH 1
    INCREMENT BY 1
    NO MINVALUE
    NO MAXVALUE
    CACHE 1
);


--
-- Name: auth_user_user_permissions; Type: TABLE; Schema: public; Owner: postgres
--

CREATE TABLE public.auth_user_user_permissions (
    id bigint NOT NULL,
    user_id integer NOT NULL,
    permission_id integer NOT NULL
);


ALTER TABLE public.auth_user_user_permissions OWNER TO postgres;

--
-- Name: auth_user_user_permissions_id_seq; Type: SEQUENCE; Schema: public; Owner: postgres
--

ALTER TABLE public.auth_user_user_permissions ALTER COLUMN id ADD GENERATED BY DEFAULT AS IDENTITY (
    SEQUENCE NAME public.auth_user_user_permissions_id_seq
    START WITH 1
    INCREMENT BY 1
    NO MINVALUE
    NO MAXVALUE
    CACHE 1
);


--
-- Name: blog_blogpost; Type: TABLE; Schema: public; Owner: postgres
--

CREATE TABLE public.blog_blogpost (
    id bigint NOT NULL,
    title character varying(200) NOT NULL,
    slug character varying(200),
    content text NOT NULL,
    created_at timestamp with time zone NOT NULL,
    updated_at timestamp with time zone NOT NULL
);


ALTER TABLE public.blog_blogpost OWNER TO postgres;

--
-- Name: blog_blogpost_id_seq; Type: SEQUENCE; Schema: public; Owner: postgres
--

ALTER TABLE public.blog_blogpost ALTER COLUMN id ADD GENERATED BY DEFAULT AS IDENTITY (
    SEQUENCE NAME public.blog_blogpost_id_seq
    START WITH 1
    INCREMENT BY 1
    NO MINVALUE
    NO MAXVALUE
    CACHE 1
);


--
-- Name: courses_course; Type: TABLE; Schema: public; Owner: postgres
--

CREATE TABLE public.courses_course (
    id bigint NOT NULL,
    title character varying(200) NOT NULL,
    description text NOT NULL,
    level character varying(50) NOT NULL,
    created_at timestamp with time zone NOT NULL,
    updated_at timestamp with time zone NOT NULL
);


ALTER TABLE public.courses_course OWNER TO postgres;

--
-- Name: courses_course_id_seq; Type: SEQUENCE; Schema: public; Owner: postgres
--

ALTER TABLE public.courses_course ALTER COLUMN id ADD GENERATED BY DEFAULT AS IDENTITY (
    SEQUENCE NAME public.courses_course_id_seq
    START WITH 1
    INCREMENT BY 1
    NO MINVALUE
    NO MAXVALUE
    CACHE 1
);


--
-- Name: django_admin_log; Type: TABLE; Schema: public; Owner: postgres
--

CREATE TABLE public.django_admin_log (
    id integer NOT NULL,
    action_time timestamp with time zone NOT NULL,
    object_id text,
    object_repr character varying(200) NOT NULL,
    action_flag smallint NOT NULL,
    change_message text NOT NULL,
    content_type_id integer,
    user_id bigint NOT NULL,
    CONSTRAINT django_admin_log_action_flag_check CHECK ((action_flag >= 0))
);


ALTER TABLE public.django_admin_log OWNER TO postgres;

--
-- Name: django_admin_log_id_seq; Type: SEQUENCE; Schema: public; Owner: postgres
--

ALTER TABLE public.django_admin_log ALTER COLUMN id ADD GENERATED BY DEFAULT AS IDENTITY (
    SEQUENCE NAME public.django_admin_log_id_seq
    START WITH 1
    INCREMENT BY 1
    NO MINVALUE
    NO MAXVALUE
    CACHE 1
);


--
-- Name: django_content_type; Type: TABLE; Schema: public; Owner: postgres
--

CREATE TABLE public.django_content_type (
    id integer NOT NULL,
    app_label character varying(100) NOT NULL,
    model character varying(100) NOT NULL
);


ALTER TABLE public.django_content_type OWNER TO postgres;

--
-- Name: django_content_type_id_seq; Type: SEQUENCE; Schema: public; Owner: postgres
--

ALTER TABLE public.django_content_type ALTER COLUMN id ADD GENERATED BY DEFAULT AS IDENTITY (
    SEQUENCE NAME public.django_content_type_id_seq
    START WITH 1
    INCREMENT BY 1
    NO MINVALUE
    NO MAXVALUE
    CACHE 1
);


--
-- Name: django_migrations; Type: TABLE; Schema: public; Owner: postgres
--

CREATE TABLE public.django_migrations (
    id bigint NOT NULL,
    app character varying(255) NOT NULL,
    name character varying(255) NOT NULL,
    applied timestamp with time zone NOT NULL
);


ALTER TABLE public.django_migrations OWNER TO postgres;

--
-- Name: django_migrations_id_seq; Type: SEQUENCE; Schema: public; Owner: postgres
--

ALTER TABLE public.django_migrations ALTER COLUMN id ADD GENERATED BY DEFAULT AS IDENTITY (
    SEQUENCE NAME public.django_migrations_id_seq
    START WITH 1
    INCREMENT BY 1
    NO MINVALUE
    NO MAXVALUE
    CACHE 1
);


--
-- Name: django_session; Type: TABLE; Schema: public; Owner: postgres
--

CREATE TABLE public.django_session (
    session_key character varying(40) NOT NULL,
    session_data text NOT NULL,
    expire_date timestamp with time zone NOT NULL
);


ALTER TABLE public.django_session OWNER TO postgres;

--
-- Name: events_event; Type: TABLE; Schema: public; Owner: postgres
--

CREATE TABLE public.events_event (
    id bigint NOT NULL,
    title character varying(200) NOT NULL,
    description text,
    start_time timestamp with time zone NOT NULL,
    end_time timestamp with time zone NOT NULL
);


ALTER TABLE public.events_event OWNER TO postgres;

--
-- Name: events_event_attendees; Type: TABLE; Schema: public; Owner: postgres
--

CREATE TABLE public.events_event_attendees (
    id bigint NOT NULL,
    event_id bigint NOT NULL,
    customuser_id bigint NOT NULL
);


ALTER TABLE public.events_event_attendees OWNER TO postgres;

--
-- Name: events_event_attendees_id_seq; Type: SEQUENCE; Schema: public; Owner: postgres
--

ALTER TABLE public.events_event_attendees ALTER COLUMN id ADD GENERATED BY DEFAULT AS IDENTITY (
    SEQUENCE NAME public.events_event_attendees_id_seq
    START WITH 1
    INCREMENT BY 1
    NO MINVALUE
    NO MAXVALUE
    CACHE 1
);


--
-- Name: events_event_id_seq; Type: SEQUENCE; Schema: public; Owner: postgres
--

ALTER TABLE public.events_event ALTER COLUMN id ADD GENERATED BY DEFAULT AS IDENTITY (
    SEQUENCE NAME public.events_event_id_seq
    START WITH 1
    INCREMENT BY 1
    NO MINVALUE
    NO MAXVALUE
    CACHE 1
);


--
-- Name: forum_comment; Type: TABLE; Schema: public; Owner: postgres
--

CREATE TABLE public.forum_comment (
    id bigint NOT NULL,
    content text NOT NULL,
    created_at timestamp with time zone NOT NULL,
    post_id bigint NOT NULL,
    user_id bigint NOT NULL
);


ALTER TABLE public.forum_comment OWNER TO postgres;

--
-- Name: forum_comment_id_seq; Type: SEQUENCE; Schema: public; Owner: postgres
--

ALTER TABLE public.forum_comment ALTER COLUMN id ADD GENERATED BY DEFAULT AS IDENTITY (
    SEQUENCE NAME public.forum_comment_id_seq
    START WITH 1
    INCREMENT BY 1
    NO MINVALUE
    NO MAXVALUE
    CACHE 1
);


--
-- Name: forum_forumpost; Type: TABLE; Schema: public; Owner: postgres
--

CREATE TABLE public.forum_forumpost (
    id bigint NOT NULL,
    title character varying(100) NOT NULL,
    content text NOT NULL,
    created_at timestamp with time zone NOT NULL,
    updated_at timestamp with time zone NOT NULL,
    user_id bigint NOT NULL
);


ALTER TABLE public.forum_forumpost OWNER TO postgres;

--
-- Name: forum_forumpost_id_seq; Type: SEQUENCE; Schema: public; Owner: postgres
--

ALTER TABLE public.forum_forumpost ALTER COLUMN id ADD GENERATED BY DEFAULT AS IDENTITY (
    SEQUENCE NAME public.forum_forumpost_id_seq
    START WITH 1
    INCREMENT BY 1
    NO MINVALUE
    NO MAXVALUE
    CACHE 1
);


--
-- Name: lessons_lesson; Type: TABLE; Schema: public; Owner: postgres
--

CREATE TABLE public.lessons_lesson (
    id bigint NOT NULL,
    title character varying(200) NOT NULL,
    content text NOT NULL,
    image character varying(100),
    created_at timestamp with time zone NOT NULL,
    updated_at timestamp with time zone NOT NULL,
    course_id bigint NOT NULL,
    slug character varying(200)
);


ALTER TABLE public.lessons_lesson OWNER TO postgres;

--
-- Name: lessons_lesson_id_seq; Type: SEQUENCE; Schema: public; Owner: postgres
--

ALTER TABLE public.lessons_lesson ALTER COLUMN id ADD GENERATED BY DEFAULT AS IDENTITY (
    SEQUENCE NAME public.lessons_lesson_id_seq
    START WITH 1
    INCREMENT BY 1
    NO MINVALUE
    NO MAXVALUE
    CACHE 1
);


--
-- Name: lessons_wordoftheday; Type: TABLE; Schema: public; Owner: postgres
--

CREATE TABLE public.lessons_wordoftheday (
    id bigint NOT NULL,
    spanish_word character varying(100) NOT NULL,
    translation character varying(100) NOT NULL,
    example_sentence text NOT NULL,
    date date NOT NULL
);


ALTER TABLE public.lessons_wordoftheday OWNER TO postgres;

--
-- Name: lessons_wordoftheday_id_seq; Type: SEQUENCE; Schema: public; Owner: postgres
--

ALTER TABLE public.lessons_wordoftheday ALTER COLUMN id ADD GENERATED BY DEFAULT AS IDENTITY (
    SEQUENCE NAME public.lessons_wordoftheday_id_seq
    START WITH 1
    INCREMENT BY 1
    NO MINVALUE
    NO MAXVALUE
    CACHE 1
);


--
-- Data for Name: accounts_customuser; Type: TABLE DATA; Schema: public; Owner: postgres
--

COPY public.accounts_customuser (id, password, last_login, is_superuser, username, first_name, last_name, email, is_staff, is_active, date_joined, profile_photo, bio, birth_date) FROM stdin;
41	pbkdf2_sha256$870000$wgCYkFpqzknMqcjjELJHIK$Sx34bPNzNBcHTvLB5TUh4r+OMFxF9Zu89hw2ewyZbxw=	2024-12-06 22:29:03.293605+00	f	Kevin	Kevin	McCalister	kev@gmail.co.uk	f	t	2024-12-01 11:41:57.296697+00	profile_photos/Kevin.jpg	Hello, my name is Kevin and I am student in this university!	2004-06-01
44	pbkdf2_sha256$870000$Y2TPZDfCLri8wVaI0d0YoC$CAy71G2yiBVf65AhdAKXlO54Ln2CJjD5WGMZqWWLHzw=	2024-12-06 10:08:35.504483+00	f	Edmundo			edi@abv.bg	f	t	2024-12-06 10:08:35.24523+00			\N
26	pbkdf2_sha256$870000$TjNwx9xN1hs37EOsZDW5bd$W1SewcjVcB9Hjtk0/61syA/8jKcrl59S8Q/HDYRDiEQ=	2024-12-07 01:20:38.604152+00	f	Deni	Denitza	Stoilova	deni@abv.bg	t	t	2024-11-17 12:18:30+00	profile_photos/Deni.jpg	Hello, I am Deni and I am a spanish teacher in this university!	2002-10-30
30	pbkdf2_sha256$870000$FQiVjDN9YzupxsadRw5jT5$POq2WePAelrGaKl1gfHZKKME5MrP1rJwQwZCPTww8/U=	2024-12-07 14:30:00.745413+00	t	Mark	Mark	Donovan	contacto@universidad.es	t	t	2024-11-21 00:09:15+00	profile_photos/Mark.jpg	I am the admin of this website.	1988-07-28
29	pbkdf2_sha256$870000$2d93yFN9g71lfL8coT7UDh$uoXFLSHQqnmLLJcURJ1KW1Jm3hwOSIY5d4eLRTJ1b3Q=	2024-12-07 16:21:31.179246+00	f	Ceci	Cvetelina	Grigorova	ceci@gmail.com	t	t	2024-11-19 23:48:34+00	profile_photos/Cveti.jpg	Hello, I am Cveti form Sofia! I like to read books. I am also Staff Administrator of this website.	1990-06-20
\.


--
-- Data for Name: accounts_customuser_groups; Type: TABLE DATA; Schema: public; Owner: postgres
--

COPY public.accounts_customuser_groups (id, customuser_id, group_id) FROM stdin;
4	29	3
5	26	4
\.


--
-- Data for Name: accounts_customuser_user_permissions; Type: TABLE DATA; Schema: public; Owner: postgres
--

COPY public.accounts_customuser_user_permissions (id, customuser_id, permission_id) FROM stdin;
\.


--
-- Data for Name: auth_group; Type: TABLE DATA; Schema: public; Owner: postgres
--

COPY public.auth_group (id, name) FROM stdin;
2	Super Admins
4	Teachers
3	Staff Admins
\.


--
-- Data for Name: auth_group_permissions; Type: TABLE DATA; Schema: public; Owner: postgres
--

COPY public.auth_group_permissions (id, group_id, permission_id) FROM stdin;
1	2	1
2	2	2
3	2	3
4	2	4
5	2	5
6	2	6
7	2	7
8	2	8
9	2	9
10	2	10
11	2	11
12	2	12
13	2	13
14	2	14
15	2	15
16	2	16
17	2	17
18	2	18
19	2	19
20	2	20
21	2	21
22	2	22
23	2	23
24	2	24
25	2	25
26	2	26
27	2	27
28	2	28
29	2	29
30	2	30
31	2	31
32	2	32
33	2	33
34	2	34
35	2	35
36	2	36
37	2	37
38	2	38
39	2	39
40	2	40
41	2	41
42	2	42
43	2	43
44	2	44
45	2	45
46	2	46
47	2	47
48	2	48
49	2	49
50	2	50
51	2	51
52	2	52
53	2	53
54	2	54
55	2	55
56	2	56
81	3	49
82	3	50
84	3	52
85	3	53
86	3	54
88	3	56
89	4	37
90	4	38
91	4	39
92	4	40
93	4	41
94	4	42
95	4	43
96	4	44
97	4	45
98	4	46
99	4	47
100	4	48
101	3	25
102	3	51
103	3	28
105	3	55
\.


--
-- Data for Name: auth_permission; Type: TABLE DATA; Schema: public; Owner: postgres
--

COPY public.auth_permission (id, name, content_type_id, codename) FROM stdin;
1	Can add log entry	1	add_logentry
2	Can change log entry	1	change_logentry
3	Can delete log entry	1	delete_logentry
4	Can view log entry	1	view_logentry
5	Can add permission	2	add_permission
6	Can change permission	2	change_permission
7	Can delete permission	2	delete_permission
8	Can view permission	2	view_permission
9	Can add group	3	add_group
10	Can change group	3	change_group
11	Can delete group	3	delete_group
12	Can view group	3	view_group
13	Can add user	4	add_user
14	Can change user	4	change_user
15	Can delete user	4	delete_user
16	Can view user	4	view_user
17	Can add content type	5	add_contenttype
18	Can change content type	5	change_contenttype
19	Can delete content type	5	delete_contenttype
20	Can view content type	5	view_contenttype
21	Can add session	6	add_session
22	Can change session	6	change_session
23	Can delete session	6	delete_session
24	Can view session	6	view_session
25	Can add user	7	add_customuser
26	Can change user	7	change_customuser
27	Can delete user	7	delete_customuser
28	Can view user	7	view_customuser
29	Can add forum post	8	add_forumpost
30	Can change forum post	8	change_forumpost
31	Can delete forum post	8	delete_forumpost
32	Can view forum post	8	view_forumpost
33	Can add comment	9	add_comment
34	Can change comment	9	change_comment
35	Can delete comment	9	delete_comment
36	Can view comment	9	view_comment
37	Can add lesson	10	add_lesson
38	Can change lesson	10	change_lesson
39	Can delete lesson	10	delete_lesson
40	Can view lesson	10	view_lesson
41	Can add course	11	add_course
42	Can change course	11	change_course
43	Can delete course	11	delete_course
44	Can view course	11	view_course
45	Can add word of the day	12	add_wordoftheday
46	Can change word of the day	12	change_wordoftheday
47	Can delete word of the day	12	delete_wordoftheday
48	Can view word of the day	12	view_wordoftheday
49	Can add blog post	13	add_blogpost
50	Can change blog post	13	change_blogpost
51	Can delete blog post	13	delete_blogpost
52	Can view blog post	13	view_blogpost
53	Can add event	14	add_event
54	Can change event	14	change_event
55	Can delete event	14	delete_event
56	Can view event	14	view_event
\.


--
-- Data for Name: auth_user; Type: TABLE DATA; Schema: public; Owner: postgres
--

COPY public.auth_user (id, password, last_login, is_superuser, username, first_name, last_name, email, is_staff, is_active, date_joined) FROM stdin;
1	pbkdf2_sha256$870000$Do6IWsE1bVTkq0zlwYm4Ck$nDg+ophvcGvkZ+BMMAdMfNTA7DoQbXt4UA3FxU3vwsU=	2024-11-15 19:19:46.149249+00	t	Mark			mark@gmail.com	t	t	2024-11-15 19:19:10.992727+00
\.


--
-- Data for Name: auth_user_groups; Type: TABLE DATA; Schema: public; Owner: postgres
--

COPY public.auth_user_groups (id, user_id, group_id) FROM stdin;
\.


--
-- Data for Name: auth_user_user_permissions; Type: TABLE DATA; Schema: public; Owner: postgres
--

COPY public.auth_user_user_permissions (id, user_id, permission_id) FROM stdin;
\.


--
-- Data for Name: blog_blogpost; Type: TABLE DATA; Schema: public; Owner: postgres
--

COPY public.blog_blogpost (id, title, slug, content, created_at, updated_at) FROM stdin;
1	Why Learn Spanish	why-learn-spanish	<div class="blog-container">\r\n<article>\r\n<h4>Introduction</h4>\r\n\r\n<p>Spanish is one of the most spoken languages in the world, with over 500 million native speakers. Learning Spanish opens up doors to countless opportunities, from cultural enrichment to career advancement. In this article, we will explore the top reasons why you should consider learning this vibrant language.</p>\r\n\r\n<h4>1. A Global Language</h4>\r\n\r\n<p>Spanish is the official language in 21 countries across Europe, Latin America, and even Africa. By learning Spanish, you can communicate with people from diverse backgrounds and explore rich traditions, cuisines, and histories. It&#39;s also the second most commonly spoken language in the United States, making it a valuable asset in multicultural societies.</p>\r\n\r\n<p><em>Visualize this: Imagine connecting with people across continents, understanding their stories, and sharing your own in a common tongue!</em></p>\r\n\r\n<h4>2. Career Opportunities</h4>\r\n\r\n<p>In today&#39;s globalized world, businesses value multilingual employees. Knowing Spanish can set you apart in competitive job markets, especially in industries like tourism, healthcare, international trade, and education. Companies often seek individuals who can communicate with Spanish-speaking clients and partners.</p>\r\n\r\n<p class="pro-tip"><em>Did you know?</em> Spanish is one of the most sought-after languages for international business, making it a game-changer for professionals.</p>\r\n\r\n<h4>3. Cognitive Benefits</h4>\r\n\r\n<p>Learning a new language enhances cognitive abilities, including memory, problem-solving skills, and creativity. Spanish, with its straightforward pronunciation and grammar, is an excellent starting point for language learners, making the process enjoyable and rewarding.</p>\r\n\r\n<p>Studies have shown that bilingual individuals often perform better on tasks requiring mental flexibility and attention!</p>\r\n\r\n<h4>4. Travel Made Easy</h4>\r\n\r\n<p>Imagine exploring the colorful streets of Barcelona, the ancient ruins of Machu Picchu, or the vibrant beaches of Mexico while communicating effortlessly with locals. Knowing Spanish allows you to travel more confidently and immerse yourself in authentic cultural experiences.</p>\r\n\r\n<p class="pro-tip"><em>Pro tip:</em> Locals often appreciate travelers who speak their language, offering richer and more genuine interactions.</p>\r\n\r\n<h4>5. Access to Literature and Media</h4>\r\n\r\n<p>Spanish-speaking cultures have given the world some of the greatest literary and cinematic works. By learning Spanish, you can enjoy masterpieces by authors like Gabriel Garc&iacute;a M&aacute;rquez or films by acclaimed directors like Pedro Almod&oacute;var in their original language.</p>\r\n\r\n<p>From vibrant telenovelas to mesmerizing poetry, Spanish offers a treasure trove of cultural experiences waiting to be unlocked.</p>\r\n\r\n<div class="conclusion">\r\n<h4>Conclusion</h4>\r\n\r\n<p>Whether you&#39;re seeking personal growth, professional success, or simply a new challenge, learning Spanish is a worthwhile endeavor. It connects you to millions of people, sharpens your mind, and enhances your life in countless ways. Start your journey today and unlock a world of opportunities!</p>\r\n\r\n<p><em>Remember: Language learning is more than a skill&mdash;it&#39;s a bridge to understanding and connecting with the world.</em> 🌍 &iexcl;Buena suerte!</p>\r\n</div>\r\n</article>\r\n</div>	2024-11-23 23:09:10.247437+00	2024-12-04 01:05:53.345543+00
3	How to Pronounce the Letters "B" and "V" in Spanish	how-to-pronounce-the-letters-b-and-v-in-spanish	<div class="blog-container">\r\n<article>\r\n<p>When learning Spanish, one of the first things you may notice is that the letters <strong>&quot;B&quot;</strong> and <strong>&quot;V&quot;</strong> are pronounced almost identically. Unlike in English, where these letters have distinct sounds, Spanish treats them as essentially the same phoneme. Let&rsquo;s dive into the details and nuances of this pronunciation to help you master it.</p>\r\n\r\n<section>\r\n<h4>The Basics of &quot;B&quot; and &quot;V&quot; Pronunciation</h4>\r\n\r\n<p>In general, both <strong>&quot;B&quot;</strong> and <strong>&quot;V&quot;</strong> in Spanish are pronounced with the bilabial sound <strong>[b]</strong>. This means that the sound is produced by bringing both lips together, similar to the English &quot;B&quot; but softer in certain contexts.</p>\r\n\r\n<p>For example:</p>\r\n\r\n<ul>\r\n\t<li><strong>Bueno</strong> (&quot;Good&quot;)</li>\r\n\t<li><strong>Vino</strong> (&quot;Wine&quot;)</li>\r\n</ul>\r\n\r\n<p>In both cases, the &quot;B&quot; and &quot;V&quot; are indistinguishable in terms of sound.</p>\r\n</section>\r\n\r\n<hr />\r\n<section>\r\n<h4>Key Rules to Remember</h4>\r\n\r\n<p>This soft articulation is one of the hallmarks of native Spanish speech and gives the language its flowing quality.</p>\r\n\r\n<ul>\r\n\t<li><strong>At the Start of a Word or After a Pause:</strong> Both &quot;B&quot; and &quot;V&quot; are pronounced as a hard <strong>[b]</strong>, with lips completely closing.</li>\r\n\t<li><strong>Barco</strong> (&quot;Boat&quot;)</li>\r\n\t<li><strong>Vaca</strong> (&quot;Cow&quot;)</li>\r\n\t<li><strong>Between Vowels:</strong> The sound becomes softer and less pronounced, often described as a &quot;soft B&quot; (<strong>[&beta;]</strong>), where the lips don&#39;t fully close.</li>\r\n\t<li><strong>Hablar</strong> (&quot;To speak&quot;)</li>\r\n\t<li><strong>Vivir</strong> (&quot;To live&quot;)</li>\r\n</ul>\r\n\r\n<p>&nbsp;</p>\r\n</section>\r\n\r\n<hr />\r\n<section>\r\n<h4>Regional Variations</h4>\r\n\r\n<p>While the vast majority of Spanish speakers pronounce &quot;B&quot; and &quot;V&quot; the same way, there are a few exceptions:</p>\r\n\r\n<ul>\r\n\t<li><strong>Valencian, Mallorcan, and Catalan Influences:</strong> In regions where Catalan is spoken, such as Valencia, Mallorca, and parts of Catalonia, some speakers may articulate &quot;V&quot; as a <strong>labiodental</strong> sound, similar to the English &quot;V&quot;. This is due to the influence of the Catalan language.</li>\r\n\t<li><strong>Certain Areas of Latin America:</strong> In some parts of Latin America, indigenous languages may influence the pronunciation, leading to subtle distinctions between &quot;B&quot; and &quot;V&quot; in specific contexts.</li>\r\n</ul>\r\n\r\n<p>&nbsp;</p>\r\n</section>\r\n\r\n<hr />\r\n<section>\r\n<h4>A Fun Fact</h4>\r\n\r\n<p>The interchangeability of &quot;B&quot; and &quot;V&quot; is so ingrained in Spanish that native speakers often confuse the spelling of words containing these letters. For example, they may mix up <strong>&quot;bien&quot;</strong> and <strong>&quot;vien&quot;</strong>, even though only the first one is correct.</p>\r\n</section>\r\n\r\n<hr />\r\n<section>\r\n<h4>Conclusion</h4>\r\n\r\n<p>As a Spanish learner, you don&rsquo;t need to worry too much about distinguishing between &quot;B&quot; and &quot;V&quot; in pronunciation. Simply focus on using the bilabial <strong>[b]</strong> sound, and you&rsquo;ll sound natural to native speakers. Remember this golden rule: <strong>&quot;B&quot; and &quot;V&quot; are treated as twins in Spanish speech.</strong></p>\r\n\r\n<p>As a final note, here&rsquo;s a linguistic tidbit to keep in mind:</p>\r\n\r\n<blockquote>\r\n<p><em>En general, en espa&ntilde;ol la b y v se pronuncian igual: con [b] bilabial. La articulaci&oacute;n labiodental de v solo es espont&aacute;nea en hablantes valencianos o mallorquines y de zonas de Catalu&ntilde;a por influencia del catal&aacute;n, y en puntos de Am&eacute;rica por influjo de las lenguas amerindias.</em></p>\r\n</blockquote>\r\n\r\n<p>Keep practicing, and soon, your pronunciation will be as fluent as a native Spanish speaker!</p>\r\n</section>\r\n</article>\r\n</div>	2024-12-04 00:38:25.037745+00	2024-12-04 01:16:30.687276+00
2	How Spanish Became the Language of Latin America	how-spanish-became-the-official-language-in-central-and-south-america	<div class="blog-container">\r\n<article>\r\n<h4><strong>Introduction</strong></h4>\r\n\r\n<p>Spanish is the dominant language across Central and South America today, spoken by hundreds of millions of people. It&#39;s journey to becoming the region&rsquo;s official language is deeply intertwined with history, colonization, and cultural transformation. Understanding this process offers insight into the legacy of Spanish colonialism and the profound influence it had on shaping modern Latin American societies.</p>\r\n\r\n<hr />\r\n<h4><strong>The Arrival of the Spanish</strong></h4>\r\n\r\n<p>The story begins in 1492, when Christopher Columbus, under the Spanish Crown, set sail westward and landed in the Americas. This marked the beginning of Spanish exploration and colonization. Over the next century, Spain established dominance over vast territories in the New World, including present-day Mexico, Central America, the Caribbean, and much of South America.</p>\r\n\r\n<p>The Spanish Crown, through its conquests led by figures like Hern&aacute;n Cort&eacute;s and Francisco Pizarro, overthrew indigenous empires like the Aztec and Inca. The arrival of Spanish settlers, soldiers, and missionaries brought not only European culture but also the Spanish language.</p>\r\n\r\n<hr />\r\n<h4><strong>Language as a Tool of Colonization</strong></h4>\r\n\r\n<p>Language was a crucial tool for consolidating Spanish power in the Americas. The Spanish Crown aimed to unify its territories culturally and administratively, and language was a key means of achieving this. Spanish was introduced as the official language of governance, trade, and religion, effectively displacing many indigenous languages.</p>\r\n\r\n<p>Missionaries played a pivotal role in this linguistic transformation. As they sought to convert the indigenous populations to Christianity, they used Spanish to spread Catholic doctrine. In some cases, missionaries even learned local languages to facilitate conversion, but Spanish remained the primary medium of communication.</p>\r\n\r\n<hr />\r\n<h4><strong>The Role of Religion</strong></h4>\r\n\r\n<p>The Catholic Church&rsquo;s influence was profound in the linguistic shift. Churches, monasteries, and schools established by missionaries became centers of Spanish language education. The process of religious conversion required a shared language, and Spanish gradually became the lingua franca of colonial society.</p>\r\n\r\n<p>Latin American societies adopted Spanish not just for religious purposes but also for survival in the new colonial system. Speaking Spanish often became a necessity for participating in the economy or interacting with colonial authorities.</p>\r\n\r\n<hr />\r\n<h4><strong>The Decline of Indigenous Languages</strong></h4>\r\n\r\n<p>Before the arrival of the Spanish, the Americas were home to thousands of indigenous languages, some spoken by advanced civilizations like the Maya, Aztec, and Inca. However, many of these languages began to decline as Spanish gained prominence.</p>\r\n\r\n<p>The reasons for this decline included:</p>\r\n\r\n<p><strong>Forced assimilation:</strong> Indigenous people were often compelled to adopt Spanish to integrate into colonial society.</p>\r\n\r\n<p><strong>Population loss:</strong> The introduction of European diseases, warfare, and forced labor decimated indigenous populations, reducing the number of speakers of native languages.</p>\r\n\r\n<p><strong>Intermarriage:</strong> The blending of cultures through mestizaje led to the rise of Spanish as the primary language in mixed communities.</p>\r\n\r\n<hr />\r\n<h4><strong>Post-Independence and Spanish as the Official Language</strong></h4>\r\n\r\n<p>By the 19th century, most Central and South American countries had gained independence from Spain. However, Spanish remained the dominant language across the region. It was firmly entrenched as the language of government, education, and culture, and the newly independent nations retained it as their official language.</p>\r\n\r\n<p>In some cases, efforts were made to revive or protect indigenous languages, but Spanish continued to dominate. Today, indigenous languages like Quechua, Aymara, and Nahuatl are recognized in certain countries, but they coexist alongside Spanish rather than replacing it.</p>\r\n\r\n<hr />\r\n<h4><strong>Legacy of Spanish in Latin America</strong></h4>\r\n\r\n<p>The widespread use of Spanish has both positive and negative legacies. On one hand, it provides a shared linguistic identity across a diverse region, facilitating communication and cultural exchange. On the other hand, the dominance of Spanish often marginalized indigenous languages and cultures, leading to the loss of linguistic diversity.</p>\r\n\r\n<p>Modern governments in Latin America are increasingly recognizing the value of indigenous languages and promoting bilingual education. However, Spanish remains the unifying language of the region, a testament to its colonial origins and enduring influence.</p>\r\n\r\n<hr />\r\n<h4><strong>Conclusion</strong></h4>\r\n\r\n<p>The rise of Spanish as the official language in Central and South America is a story of conquest, assimilation, and adaptation. From its introduction by Spanish colonizers to its adoption by independent nations, Spanish has shaped the cultural and linguistic landscape of the region. While the legacy of colonization remains complex, Spanish continues to connect millions of people across Latin America in a shared linguistic heritage.</p>\r\n</article>\r\n</div>	2024-11-24 00:02:10.079716+00	2024-12-04 01:34:24.504438+00
4	The Differences Between Spanish in Spain and Latin America	the-differences-between-spanish-in-spain-and-latin-america-a-journey-through-language-and-culture	<div class="blog-container">\r\n<article>\r\n<h4><strong>Introduction</strong></h4>\r\n\r\n<p>The Spanish language is spoken by over 500 million people worldwide, but its journey to becoming the second most spoken language on the planet is a tale deeply rooted in history. One of the most fascinating aspects of this journey is the way Spanish evolved differently across continents, particularly in Spain and Latin America. These differences are not just linguistic&mdash;they reveal stories of culture, colonization, and adaptation.</p>\r\n\r\n<hr />\r\n<h4><strong>Pronunciation Differences</strong></h4>\r\n\r\n<p>One of the most noticeable distinctions between Spanish in Spain and Latin America is pronunciation.</p>\r\n\r\n<p><strong>In Spain:</strong> The Castilian Spanish spoken in central and northern Spain features the distinctive &quot;theta&quot; sound, where the letters &quot;z&quot; and &quot;c&quot; (before &quot;e&quot; or &quot;i&quot;) are pronounced like the English &quot;th.&quot; For example, &quot;gracias&quot; sounds like &quot;gra-thias.&quot;</p>\r\n\r\n<p><strong>In Latin America:</strong> Most regions pronounce &quot;z&quot; and &quot;c&quot; as an &quot;s&quot; sound. Thus, &quot;gracias&quot; sounds like &quot;gra-sias.&quot;</p>\r\n\r\n<p>Another key difference is the pronunciation of the letter &quot;ll&quot; (double L). In Spain, it is often pronounced like a soft &quot;y&quot; sound, whereas in many parts of Latin America, it may sound like a &quot;zh&quot; as in &quot;measure.&quot;</p>\r\n\r\n<hr />\r\n<h4><strong>Vocabulary Variations</strong></h4>\r\n\r\n<p>Spanish vocabulary also varies significantly between regions. Some common examples include:</p>\r\n\r\n<ul>\r\n\t<li><strong>Car:</strong> In Spain, it&rsquo;s &quot;coche,&quot; while in Latin America, &quot;carro&quot; is more common.</li>\r\n\t<li><strong>Computer:</strong> Spaniards use &quot;ordenador,&quot; whereas Latin Americans say &quot;computadora.&quot;</li>\r\n\t<li><strong>Juice:</strong> In Spain, &quot;zumo&quot; is the preferred term, but in Latin America, &quot;jugo&quot; is widely used.</li>\r\n</ul>\r\n\r\n<p>These differences often reflect cultural influences and historical adaptations in the Americas.</p>\r\n\r\n<hr />\r\n<h4><strong>Grammar and Usage</strong></h4>\r\n\r\n<p>Grammar and language usage also vary between Spain and Latin America:</p>\r\n\r\n<p><strong>Second-Person Pronouns:</strong> In Spain, the informal &quot;vosotros&quot; is used for addressing a group of people informally, while Latin Americans rely on &quot;ustedes&quot; for both formal and informal contexts.</p>\r\n\r\n<p><strong>Verb Conjugations:</strong> The verb conjugations for &quot;vosotros&quot; are unique to Spain, making it one of the most recognizable grammatical differences.</p>\r\n\r\n<p><strong>Past Tense:</strong> Spaniards commonly use the present perfect tense to describe recent actions (e.g., &quot;He comido&quot; for &quot;I have eaten&quot;), whereas Latin Americans often use the preterite tense (&quot;Com&iacute;&quot;).</p>\r\n\r\n<hr />\r\n<h4><strong>Cultural Influences</strong></h4>\r\n\r\n<p>Many of the differences between the Spanish of Spain and Latin America are rooted in history and culture:</p>\r\n\r\n<p><strong>Colonial History:</strong> The Spanish spoken in Latin America was influenced by indigenous languages like Nahuatl, Quechua, and Aymara, leading to unique words and expressions.</p>\r\n\r\n<p><strong>Immigration:</strong> In Spain, languages like Catalan and Galician influence modern Spanish, while Latin American Spanish has integrated words from African, English, and French languages due to immigration and trade.</p>\r\n\r\n<hr />\r\n<h4><strong>Regional Diversity</strong></h4>\r\n\r\n<p>It&rsquo;s essential to note that Latin America itself is linguistically diverse. The Spanish spoken in Mexico differs from that in Argentina, Colombia, or Chile. For example:</p>\r\n\r\n<ul>\r\n\t<li>In Argentina and Uruguay, &quot;vos&quot; is used instead of &quot;t&uacute;.&quot;</li>\r\n\t<li>In Mexico, slang like &quot;&oacute;rale&quot; and &quot;chido&quot; adds a unique flavor to the language.</li>\r\n</ul>\r\n\r\n<p>Similarly, Spain has regional dialects and languages like Andalusian, Basque, and Catalan, which further enrich its linguistic tapestry.</p>\r\n\r\n<hr />\r\n<h4><strong>Conclusion</strong></h4>\r\n\r\n<p>The differences between Spanish in Spain and Latin America highlight the language&#39;s richness and adaptability. These variations are a testament to Spanish&#39;s ability to evolve across different regions and cultures. Whether you&rsquo;re learning Spanish in Madrid, Mexico City, or Buenos Aires, embracing these differences will deepen your understanding and appreciation of this beautiful language.</p>\r\n</article>\r\n</div>	2024-12-05 12:19:44.994783+00	2024-12-05 12:20:31.08969+00
5	Why Spanish is the Language of the Future	why-spanish-is-the-language-of-the-future	<div class="blog-container">\r\n<article>\r\n<h4><strong>Introduction</strong></h4>\r\n\r\n<p>Spanish is not just a language; it is a global phenomenon. With over 500 million native speakers, it ranks as the second most spoken language in the world by native speakers. But what makes Spanish the language of the future? From its increasing global influence to its expanding role in business and culture, Spanish continues to thrive as one of the most important languages on the planet.</p>\r\n\r\n<hr />\r\n<h4><strong>The Global Spread of Spanish</strong></h4>\r\n\r\n<p>Spanish is spoken across four continents, with a significant presence in Europe, Latin America, North America, and even parts of Africa. Here are some key statistics:</p>\r\n\r\n<ul>\r\n\t<li><strong>Native Speakers:</strong> Over 500 million people worldwide speak Spanish as their first language.</li>\r\n\t<li><strong>Second Language Speakers:</strong> An additional 100 million speak Spanish as a second language.</li>\r\n\t<li><strong>Total Speakers:</strong> Including learners, the number rises to nearly 600 million.</li>\r\n\t<li><strong>Official Status:</strong> Spanish is the official language in 21 countries, making it one of the most widely recognized languages globally.</li>\r\n</ul>\r\n\r\n<hr />\r\n<h4><strong>Spanish in the United States</strong></h4>\r\n\r\n<p>One of the fastest-growing Spanish-speaking populations is in the United States. With over 42 million native speakers and an additional 12 million bilingual speakers, the U.S. has become the second-largest Spanish-speaking country in the world, after Mexico.</p>\r\n\r\n<p>By 2050, it is estimated that the U.S. will have the highest number of Spanish speakers globally, a testament to the language&#39;s growing influence.</p>\r\n\r\n<hr />\r\n<h4><strong>Economic Power of Spanish</strong></h4>\r\n\r\n<p>Spanish-speaking countries contribute significantly to the global economy. Latin America alone accounts for approximately 8% of the world&#39;s GDP. Additionally, Spain is a leading player in the European Union, further solidifying Spanish as a language of economic importance.</p>\r\n\r\n<p>Industries such as tourism, trade, and entertainment heavily rely on Spanish. From Hollywood films to Latin music, Spanish-speaking markets are booming.</p>\r\n\r\n<hr />\r\n<h4><strong>Cultural Influence</strong></h4>\r\n\r\n<p>Spanish culture is celebrated worldwide through music, literature, cinema, and art. Icons like Pablo Neruda, Gabriel Garc&iacute;a M&aacute;rquez, and Frida Kahlo have left an indelible mark on global culture.</p>\r\n\r\n<p>Spanish is also the second most used language on social media platforms like Twitter and Facebook, further enhancing its global reach.</p>\r\n\r\n<hr />\r\n<h4><strong>Spanish as the Language of the Future</strong></h4>\r\n\r\n<p>The increasing number of Spanish learners is another indicator of its future importance. According to the Cervantes Institute:</p>\r\n\r\n<ul>\r\n\t<li>Spanish is the second most studied language in the world, with over 22 million learners.</li>\r\n\t<li>It is the third most used language on the internet.</li>\r\n\t<li>Spanish courses are in high demand, especially in Asia and Europe.</li>\r\n</ul>\r\n\r\n<p>The language&rsquo;s simplicity, phonetic consistency, and cultural appeal make it an attractive choice for learners worldwide.</p>\r\n\r\n<hr />\r\n<h4><strong>Conclusion</strong></h4>\r\n\r\n<p>Spanish is undoubtedly the language of the future. Its global reach, economic power, and cultural influence make it indispensable in the modern world. Whether for business, travel, or cultural enrichment, learning Spanish opens doors to countless opportunities. With its ever-growing presence, Spanish is not just a language of the past or present&mdash;it is the language of tomorrow.</p>\r\n</article>\r\n</div>	2024-12-05 12:31:40.589455+00	2024-12-05 12:31:40.589485+00
\.


--
-- Data for Name: courses_course; Type: TABLE DATA; Schema: public; Owner: postgres
--

COPY public.courses_course (id, title, description, level, created_at, updated_at) FROM stdin;
1	Beginner Spanish Course: A1 - A2 Level	Welcome to our Beginner Spanish Course, tailored for English speakers starting with Spanish. Perfect for beginners with no prior knowledge—just a willingness to learn! By the end, you'll confidently handle basic conversations and scenarios in Spanish.	beginner	2024-11-22 14:35:49.454556+00	2024-11-23 12:40:08.388385+00
2	Intermediate Spanish Course: B1 - B2 Level	This course is designed to help learners transition from basic to intermediate Spanish, focusing on practical communication and fluency. By completing this course, students will confidently engage in discussions, comprehend intermediate texts, and express themselves in both formal and informal contexts.	intermediate	2024-11-23 12:39:53.087709+00	2024-11-23 16:15:54.772099+00
\.


--
-- Data for Name: django_admin_log; Type: TABLE DATA; Schema: public; Owner: postgres
--

COPY public.django_admin_log (id, action_time, object_id, object_repr, action_flag, change_message, content_type_id, user_id) FROM stdin;
16	2024-11-21 00:23:51.73231+00	2	admin	3		7	30
17	2024-11-21 00:24:08.007179+00	7	hris	3		7	30
18	2024-11-21 00:24:22.767262+00	1	mark	3		7	30
19	2024-11-22 15:50:36.156803+00	1	Spanish for Beginners	2	[{"changed": {"fields": ["Description"]}}]	11	30
20	2024-11-22 15:50:51.855549+00	1	Spanish for Beginners	2	[]	11	30
21	2024-11-22 15:50:59.309957+00	1	Spanish for Beginners	2	[]	11	30
22	2024-11-22 15:52:43.841967+00	1	Beginner Spanish Course: A1 Level	2	[{"changed": {"fields": ["Title", "Description"]}}]	11	30
23	2024-11-22 15:54:55.201735+00	1	Explore grammar tips and key phrases for this unit	1	[{"added": {}}]	10	30
24	2024-11-22 16:39:35.199236+00	1	Explore grammar tips and key phrases for this unit	2	[{"changed": {"fields": ["Content"]}}]	10	30
25	2024-11-22 16:49:06.994228+00	1	Explore grammar tips and key phrases for this unit	2	[{"changed": {"fields": ["Content"]}}]	10	30
26	2024-11-22 17:31:27.373769+00	1	Explore grammar tips and key phrases for this unit	2	[{"changed": {"fields": ["Content"]}}]	10	30
27	2024-11-22 17:32:23.48853+00	1	Explore grammar tips and key phrases for this unit	2	[{"changed": {"fields": ["Content"]}}]	10	30
28	2024-11-22 17:40:14.592356+00	1	Explore grammar tips and key phrases for this unit	2	[{"changed": {"fields": ["Content"]}}]	10	30
29	2024-11-22 17:41:36.215095+00	1	Explore grammar tips and key phrases for this unit	2	[{"changed": {"fields": ["Content"]}}]	10	30
30	2024-11-22 17:47:02.195456+00	1	Explore grammar tips and key phrases for this unit	2	[{"changed": {"fields": ["Content"]}}]	10	30
31	2024-11-22 17:53:32.510223+00	1	Explore grammar tips and key phrases for this unit	2	[{"changed": {"fields": ["Content"]}}]	10	30
32	2024-11-22 17:54:51.035651+00	1	Explore grammar tips and key phrases for this unit	2	[]	10	30
33	2024-11-22 17:55:20.572699+00	1	Explore grammar tips and key phrases for this unit	2	[{"changed": {"fields": ["Image"]}}]	10	30
34	2024-11-22 17:55:58.40746+00	1	Explore grammar tips and key phrases for this unit	2	[{"changed": {"fields": ["Image"]}}]	10	30
35	2024-11-22 18:02:10.14823+00	1	Explore grammar tips and key phrases for this unit	2	[{"changed": {"fields": ["Image"]}}]	10	30
36	2024-11-22 18:10:01.139254+00	1	Explore grammar tips and key phrases for this unit	2	[{"changed": {"fields": ["Content"]}}]	10	30
37	2024-11-22 18:11:30.202606+00	1	Explore grammar tips and key phrases for this unit	2	[{"changed": {"fields": ["Image"]}}]	10	30
38	2024-11-22 18:16:04.564207+00	1	Explore grammar tips and key phrases for this unit	2	[{"changed": {"fields": ["Image"]}}]	10	30
39	2024-11-22 18:20:11.191327+00	1	Explore grammar tips and key phrases for this unit	2	[]	10	30
40	2024-11-22 18:22:57.75515+00	1	Explore grammar tips and key phrases for this unit	2	[{"changed": {"fields": ["Content", "Image"]}}]	10	30
41	2024-11-22 18:44:08.617677+00	1	Explore grammar tips and key phrases for this unit	2	[]	10	30
42	2024-11-22 18:46:45.910862+00	1	Explore grammar tips and key phrases for this unit	2	[{"changed": {"fields": ["Content"]}}]	10	30
43	2024-11-22 18:56:06.837403+00	1	Explore grammar tips and key phrases for this unit	2	[]	10	30
44	2024-11-22 18:56:13.346962+00	1	Explore grammar tips and key phrases for this unit	2	[{"changed": {"fields": ["Content"]}}]	10	30
45	2024-11-22 18:59:44.462277+00	1	Explore grammar tips and key phrases for this unit	2	[{"changed": {"fields": ["Content"]}}]	10	30
46	2024-11-22 19:00:09.327869+00	1	Explore grammar tips and key phrases for this unit	2	[{"changed": {"fields": ["Content"]}}]	10	30
47	2024-11-22 19:00:22.676644+00	1	Explore grammar tips and key phrases for this unit	2	[{"changed": {"fields": ["Content", "Image"]}}]	10	30
48	2024-11-22 19:01:53.994305+00	1	Explore grammar tips and key phrases for this unit	2	[{"changed": {"fields": ["Content"]}}]	10	30
49	2024-11-22 19:02:51.865063+00	1	Explore grammar tips and key phrases for this unit	2	[{"changed": {"fields": ["Content"]}}]	10	30
50	2024-11-22 19:03:35.925448+00	1	Explore grammar tips and key phrases for this unit	2	[{"changed": {"fields": ["Content"]}}]	10	30
51	2024-11-22 19:04:15.850102+00	1	Explore grammar tips and key phrases for this unit	2	[{"changed": {"fields": ["Content"]}}]	10	30
52	2024-11-22 19:05:26.38481+00	1	Explore grammar tips and key phrases for this unit	2	[{"changed": {"fields": ["Content"]}}]	10	30
53	2024-11-22 19:06:37.881009+00	1	Explore grammar tips and key phrases for this unit	2	[{"changed": {"fields": ["Content"]}}]	10	30
54	2024-11-22 19:07:17.222566+00	1	Explore grammar tips and key phrases for this unit	2	[{"changed": {"fields": ["Content"]}}]	10	30
55	2024-11-22 19:18:16.340505+00	1	Explore grammar tips and key phrases for this unit	2	[{"changed": {"fields": ["Content"]}}]	10	30
56	2024-11-22 21:12:06.022047+00	1	Beginner Spanish Course: A1 Level	2	[]	11	30
57	2024-11-22 21:12:59.894283+00	2	Ser vs. estar	1	[{"added": {}}]	10	30
58	2024-11-22 21:13:26.019521+00	2	Ser vs. estar	2	[{"changed": {"fields": ["Content"]}}]	10	30
59	2024-11-22 21:14:43.389357+00	2	Ser vs. estar	2	[{"changed": {"fields": ["Content"]}}]	10	30
60	2024-11-22 21:15:36.180465+00	2	Ser vs. estar	2	[{"changed": {"fields": ["Content"]}}]	10	30
61	2024-11-22 21:23:31.144448+00	2	Ser vs. estar	2	[{"changed": {"fields": ["Content"]}}]	10	30
62	2024-11-22 21:25:16.127042+00	2	Ser vs. estar	2	[{"changed": {"fields": ["Content"]}}]	10	30
63	2024-11-22 21:25:47.066033+00	2	Ser vs. estar	2	[{"changed": {"fields": ["Content"]}}]	10	30
64	2024-11-22 21:26:23.012767+00	2	Ser vs. estar	2	[{"changed": {"fields": ["Content"]}}]	10	30
65	2024-11-22 21:27:40.502099+00	2	Ser vs. estar	2	[]	10	30
66	2024-11-22 21:43:53.896119+00	3	Talk about schedules	1	[{"added": {}}]	10	30
67	2024-11-22 22:01:06.631787+00	3	Talk about schedules	2	[{"changed": {"fields": ["Content"]}}]	10	30
68	2024-11-22 22:02:27.809461+00	3	Talk about schedules	2	[{"changed": {"fields": ["Content"]}}]	10	30
69	2024-11-22 22:08:10.839407+00	1	Explore grammar tips and key phrases for this unit	2	[{"changed": {"fields": ["Content"]}}]	10	30
70	2024-11-22 22:09:33.095139+00	3	Talk about schedules	2	[{"changed": {"fields": ["Content"]}}]	10	30
71	2024-11-22 22:10:38.57961+00	3	Talk about schedules	2	[{"changed": {"fields": ["Content"]}}]	10	30
72	2024-11-22 22:13:04.644548+00	4	Discuss others' lives	1	[{"added": {}}]	10	30
73	2024-11-22 22:15:29.443089+00	4	Discuss others' lives	2	[{"changed": {"fields": ["Content"]}}]	10	30
74	2024-11-22 22:16:17.382481+00	4	Discuss others' lives	2	[{"changed": {"fields": ["Content"]}}]	10	30
75	2024-11-22 22:16:32.193101+00	4	Discuss others' lives	2	[{"changed": {"fields": ["Content"]}}]	10	30
76	2024-11-22 22:17:38.682112+00	4	Discuss others' lives	2	[{"changed": {"fields": ["Content"]}}]	10	30
77	2024-11-22 22:26:25.185638+00	4	Discuss others' lives	2	[{"changed": {"fields": ["Content"]}}]	10	30
78	2024-11-22 22:28:07.913176+00	4	Discuss others' lives	2	[{"changed": {"fields": ["Content"]}}]	10	30
79	2024-11-22 22:36:02.041661+00	5	Let's talk about Agreement	1	[{"added": {}}]	10	30
80	2024-11-22 22:38:07.163513+00	5	Let's talk about Agreement	2	[{"changed": {"fields": ["Content"]}}]	10	30
81	2024-11-22 22:39:12.209679+00	5	Let's talk about Agreement	2	[{"changed": {"fields": ["Content"]}}]	10	30
82	2024-11-22 22:40:09.337142+00	5	Let's talk about Agreement	2	[{"changed": {"fields": ["Content"]}}]	10	30
83	2024-11-22 22:43:57.85396+00	5	Let's talk about Agreement	2	[{"changed": {"fields": ["Content"]}}]	10	30
84	2024-11-22 22:44:11.596666+00	5	Let's talk about Agreement	2	[{"changed": {"fields": ["Content"]}}]	10	30
85	2024-11-22 22:44:35.603928+00	5	Let's talk about Agreement	2	[{"changed": {"fields": ["Content"]}}]	10	30
86	2024-11-22 22:46:19.358451+00	6	Talk about office work	1	[{"added": {}}]	10	30
87	2024-11-22 22:48:42.290849+00	6	Talk about office work	2	[{"changed": {"fields": ["Content"]}}]	10	30
88	2024-11-22 22:49:15.343711+00	6	Talk about office work	2	[{"changed": {"fields": ["Content"]}}]	10	30
89	2024-11-22 22:52:57.106877+00	6	Talk about office work	2	[{"changed": {"fields": ["Content"]}}]	10	30
90	2024-11-22 22:53:18.724771+00	6	Talk about office work	2	[{"changed": {"fields": ["Content"]}}]	10	30
91	2024-11-22 22:54:45.965011+00	6	Talk about office work	2	[{"changed": {"fields": ["Content"]}}]	10	30
92	2024-11-22 22:55:03.783159+00	6	Talk about office work	2	[{"changed": {"fields": ["Content"]}}]	10	30
93	2024-11-22 22:56:38.176662+00	6	Talk about office work	2	[{"changed": {"fields": ["Content"]}}]	10	30
94	2024-11-22 22:58:18.995946+00	6	Talk about office work	2	[{"changed": {"fields": ["Content"]}}]	10	30
95	2024-11-22 23:00:44.511773+00	6	Talk about office work	2	[{"changed": {"fields": ["Content"]}}]	10	30
96	2024-11-22 23:02:00.909786+00	6	Talk about office work	2	[{"changed": {"fields": ["Content"]}}]	10	30
97	2024-11-22 23:03:03.826545+00	6	Talk about office work	2	[{"changed": {"fields": ["Content"]}}]	10	30
98	2024-11-23 11:47:46.149611+00	1	Hombre	1	[{"added": {}}]	12	30
99	2024-11-23 12:33:42.291464+00	1	Beginner Spanish Course: A1 Level	2	[{"changed": {"fields": ["Description"]}}]	11	30
100	2024-11-23 12:34:44.182922+00	1	Beginner Spanish Course: A1 Level	2	[{"changed": {"fields": ["Description"]}}]	11	30
101	2024-11-23 12:35:45.924924+00	1	Beginner Spanish Course: A1 Level	2	[{"changed": {"fields": ["Description"]}}]	11	30
102	2024-11-23 12:36:05.60174+00	1	Beginner Spanish Course: A1 Level	2	[{"changed": {"fields": ["Description"]}}]	11	30
103	2024-11-23 12:39:53.089248+00	2	Intermediate Spanish Course: B1-B2 Level	1	[{"added": {}}]	11	30
104	2024-11-23 12:40:08.389213+00	1	Beginner Spanish Course: A1 - A2 Level	2	[{"changed": {"fields": ["Title"]}}]	11	30
105	2024-11-23 12:40:16.594565+00	2	Intermediate Spanish Course: B1 - B2 Level	2	[{"changed": {"fields": ["Title"]}}]	11	30
106	2024-11-23 12:56:13.515344+00	2	Ser vs. estar	2	[{"changed": {"fields": ["Content"]}}]	10	30
107	2024-11-23 14:31:46.327769+00	7	Say where people are from	1	[{"added": {}}]	10	30
108	2024-11-23 14:32:54.994539+00	7	Say where people are from	2	[{"changed": {"fields": ["Content"]}}]	10	30
109	2024-11-23 14:34:26.468783+00	7	Say where people are from	2	[{"changed": {"fields": ["Content"]}}]	10	30
110	2024-11-23 14:36:32.237969+00	7	Say where people are from	2	[{"changed": {"fields": ["Content"]}}]	10	30
111	2024-11-23 14:38:15.522811+00	7	Say where people are from	2	[{"changed": {"fields": ["Content"]}}]	10	30
112	2024-11-23 14:38:47.585635+00	7	Say where people are from	2	[{"changed": {"fields": ["Content"]}}]	10	30
113	2024-11-23 14:40:34.566034+00	7	Say where people are from	2	[{"changed": {"fields": ["Content"]}}]	10	30
114	2024-11-23 14:41:26.383718+00	7	Say where people are from	2	[{"changed": {"fields": ["Content"]}}]	10	30
115	2024-11-23 14:41:46.84004+00	7	Say where people are from	2	[{"changed": {"fields": ["Content"]}}]	10	30
116	2024-11-23 14:45:48.957944+00	8	Ask for directions	1	[{"added": {}}]	10	30
117	2024-11-23 14:50:09.361388+00	8	Ask for directions	2	[{"changed": {"fields": ["Content"]}}]	10	30
118	2024-11-23 14:52:30.715447+00	8	Ask for directions	2	[{"changed": {"fields": ["Content"]}}]	10	30
119	2024-11-23 14:53:27.817245+00	8	Ask for directions	2	[{"changed": {"fields": ["Content"]}}]	10	30
120	2024-11-23 14:55:21.653909+00	8	Ask for directions	2	[{"changed": {"fields": ["Content"]}}]	10	30
121	2024-11-23 14:56:11.239699+00	8	Ask for directions	2	[{"changed": {"fields": ["Content"]}}]	10	30
122	2024-11-23 14:57:04.272727+00	8	Ask for directions	2	[{"changed": {"fields": ["Content"]}}]	10	30
123	2024-11-23 14:58:01.514313+00	8	Ask for directions	2	[{"changed": {"fields": ["Content"]}}]	10	30
124	2024-11-23 14:58:38.875115+00	8	Ask for directions	2	[{"changed": {"fields": ["Content"]}}]	10	30
125	2024-11-23 15:15:12.756541+00	9	Let's talk about Present Tense!	1	[{"added": {}}]	10	30
126	2024-11-23 15:15:54.544421+00	9	Let's talk about Present Tense!	2	[{"changed": {"fields": ["Content"]}}]	10	30
127	2024-11-23 15:17:01.305782+00	9	Let's talk about Present Tense!	2	[{"changed": {"fields": ["Content"]}}]	10	30
128	2024-11-23 15:17:51.837763+00	9	Let's talk about Present Tense!	2	[{"changed": {"fields": ["Content"]}}]	10	30
129	2024-11-23 15:19:44.452039+00	10	Express preferences	1	[{"added": {}}]	10	30
130	2024-11-23 15:25:11.915465+00	10	Express preferences	2	[{"changed": {"fields": ["Content"]}}]	10	30
131	2024-11-23 15:26:24.701608+00	10	Express preferences	2	[{"changed": {"fields": ["Content"]}}]	10	30
132	2024-11-23 15:27:23.730494+00	10	Express preferences	2	[{"changed": {"fields": ["Content"]}}]	10	30
133	2024-11-23 15:28:23.626229+00	10	Express preferences	2	[{"changed": {"fields": ["Content"]}}]	10	30
134	2024-11-23 15:29:30.195339+00	10	Express preferences	2	[{"changed": {"fields": ["Content"]}}]	10	30
135	2024-11-23 15:39:13.669115+00	11	Describe your home	1	[{"added": {}}]	10	30
136	2024-11-23 15:41:06.582514+00	11	Describe your home	2	[{"changed": {"fields": ["Content"]}}]	10	30
137	2024-11-23 15:42:26.501206+00	11	Describe your home	2	[{"changed": {"fields": ["Content"]}}]	10	30
138	2024-11-23 15:43:17.398507+00	11	Describe your home	2	[{"changed": {"fields": ["Content"]}}]	10	30
139	2024-11-23 15:45:19.677792+00	11	Describe your home	2	[{"changed": {"fields": ["Content"]}}]	10	30
140	2024-11-23 15:47:00.160954+00	11	Describe your home	2	[{"changed": {"fields": ["Content"]}}]	10	30
141	2024-11-23 15:47:52.557097+00	11	Describe your home	2	[{"changed": {"fields": ["Content"]}}]	10	30
142	2024-11-23 15:53:32.225582+00	12	Dictionary - Useful words for beginners	1	[{"added": {}}]	10	30
143	2024-11-23 15:59:08.835196+00	12	Dictionary - Useful words for beginners	2	[{"changed": {"fields": ["Content"]}}]	10	30
144	2024-11-23 16:15:54.772932+00	2	Intermediate Spanish Course: B1 - B2 Level	2	[{"changed": {"fields": ["Description"]}}]	11	30
145	2024-11-23 23:09:10.250668+00	1	ID: 1, Title: Why Learn Spanish	1	[{"added": {}}]	13	30
146	2024-11-23 23:10:52.281162+00	1	ID: 1, Title: Why Learn Spanish	2	[{"changed": {"fields": ["Content"]}}]	13	30
147	2024-11-23 23:14:48.713792+00	1	ID: 1, Title: Why Learn Spanish	2	[{"changed": {"fields": ["Content"]}}]	13	30
148	2024-11-23 23:17:01.330638+00	1	ID: 1, Title: Why Learn Spanish	2	[{"changed": {"fields": ["Content"]}}]	13	30
149	2024-11-23 23:22:11.736207+00	1	ID: 1, Title: Why Learn Spanish	2	[{"changed": {"fields": ["Content"]}}]	13	30
150	2024-11-23 23:28:36.816652+00	1	ID: 1, Title: Why Learn Spanish	2	[{"changed": {"fields": ["Content"]}}]	13	30
151	2024-11-23 23:33:00.858805+00	1	ID: 1, Title: Why Learn Spanish	2	[{"changed": {"fields": ["Content"]}}]	13	30
152	2024-11-23 23:58:39.085899+00	1	ID: 1, Title: Why Learn Spanish	2	[]	13	30
153	2024-11-24 00:02:10.081032+00	2	ID: 2, Title: How Spanish Became the Official Language in Central and South America	1	[{"added": {}}]	13	30
154	2024-11-24 00:06:18.454953+00	2	ID: 2, Title: How Spanish Became the Language of Latin America	2	[{"changed": {"fields": ["Title"]}}]	13	30
155	2024-11-24 00:07:35.497443+00	2	ID: 2, Title: How Spanish Became the Language of Latin America	2	[{"changed": {"fields": ["Content"]}}]	13	30
156	2024-11-24 22:09:07.541243+00	1	Spanish Language Day	1	[{"added": {}}]	14	30
157	2024-11-25 02:01:10.125909+00	2	Cultural Exchange Evening	1	[{"added": {}}]	14	30
158	2024-11-25 02:59:59.364769+00	2	ID: 2, Title: How Spanish Became the Language of Latin America	2	[{"changed": {"fields": ["Content"]}}]	13	30
159	2024-11-25 03:00:55.900273+00	2	ID: 2, Title: How Spanish Became the Language of Latin America	2	[{"changed": {"fields": ["Content"]}}]	13	30
160	2024-11-25 03:02:20.493312+00	2	ID: 2, Title: How Spanish Became the Language of Latin America	2	[{"changed": {"fields": ["Content"]}}]	13	30
161	2024-11-25 03:02:43.531128+00	2	ID: 2, Title: How Spanish Became the Language of Latin America	2	[{"changed": {"fields": ["Content"]}}]	13	30
162	2024-11-26 16:44:52.299471+00	2	Feliz	1	[{"added": {}}]	12	30
163	2024-11-26 22:51:06.884908+00	1	Ask How People Are	2	[{"changed": {"fields": ["Title"]}}]	10	30
164	2024-11-27 21:40:57.861159+00	2	Title: How Spanish Became the Language of Latin America	2	[{"changed": {"fields": ["Image"]}}]	13	30
165	2024-11-27 22:18:38.583151+00	1	Title: Why Learn Spanish	2	[{"changed": {"fields": ["Image"]}}]	13	30
166	2024-11-27 22:26:38.76383+00	2	Title: How Spanish Became the Language of Latin America	2	[{"changed": {"fields": ["Image"]}}]	13	30
167	2024-11-27 22:28:12.004797+00	2	Title: How Spanish Became the Language of Latin America	2	[{"changed": {"fields": ["Image"]}}]	13	30
168	2024-11-27 22:40:09.534403+00	1	Title: Why Learn Spanish	2	[{"changed": {"fields": ["Image"]}}]	13	30
169	2024-11-27 22:40:19.328012+00	1	Title: Why Learn Spanish	2	[{"changed": {"fields": ["Image"]}}]	13	30
170	2024-11-27 22:48:13.121742+00	1	Title: Why Learn Spanish	2	[{"changed": {"fields": ["Image"]}}]	13	30
171	2024-11-27 22:49:07.542529+00	1	Title: Why Learn Spanish	2	[{"changed": {"fields": ["Image"]}}]	13	30
172	2024-11-27 22:58:52.186648+00	1	Title: Why Learn Spanish	2	[{"changed": {"fields": ["Image"]}}]	13	30
173	2024-11-27 23:00:07.832289+00	1	Title: Why Learn Spanish	2	[{"changed": {"fields": ["Image"]}}]	13	30
174	2024-11-27 23:17:46.593741+00	1	Title: Why Learn Spanish	2	[{"changed": {"fields": ["Content"]}}]	13	30
175	2024-11-27 23:18:19.529038+00	1	Title: Why Learn Spanish	2	[{"changed": {"fields": ["Content"]}}]	13	30
176	2024-11-27 23:21:37.544416+00	1	Title: Why Learn Spanish	2	[{"changed": {"fields": ["Content"]}}]	13	30
177	2024-11-27 23:22:33.117486+00	2	Title: How Spanish Became the Language of Latin America	2	[{"changed": {"fields": ["Content"]}}]	13	30
178	2024-11-27 23:29:39.743551+00	2	Title: How Spanish Became the Language of Latin America	2	[]	13	30
179	2024-11-27 23:30:48.185947+00	2	Title: How Spanish Became the Language of Latin America	2	[]	13	30
180	2024-11-27 23:33:24.745227+00	2	Title: How Spanish Became the Language of Latin America	2	[{"changed": {"fields": ["Content"]}}]	13	30
181	2024-11-27 23:35:29.788381+00	1	Title: Why Learn Spanish	2	[{"changed": {"fields": ["Content"]}}]	13	30
182	2024-11-27 23:36:28.198882+00	2	Title: How Spanish Became the Language of Latin America	2	[{"changed": {"fields": ["Content"]}}]	13	30
183	2024-11-29 08:12:20.763585+00	13	Concordancia de los tiempos verbales en Plan pasado.	1	[{"added": {}}]	10	30
184	2024-11-29 08:15:27.145267+00	13	Concordancia de los tiempos verbales en Plan pasado.	2	[{"changed": {"fields": ["Content"]}}]	10	30
185	2024-11-29 08:19:09.475076+00	13	Concordancia de los tiempos verbales en Plan pasado.	2	[{"changed": {"fields": ["Content"]}}]	10	30
186	2024-11-29 08:19:44.306827+00	13	Concordancia de los tiempos verbales en Plan pasado.	2	[{"changed": {"fields": ["Content"]}}]	10	30
187	2024-11-29 08:20:00.924115+00	13	Concordancia de los tiempos verbales en Plan pasado.	2	[{"changed": {"fields": ["Content"]}}]	10	30
188	2024-11-29 08:20:45.192382+00	13	Concordancia de los tiempos verbales en Plan pasado.	2	[{"changed": {"fields": ["Content"]}}]	10	30
189	2024-11-29 08:24:22.911425+00	13	Concordancia de los tiempos verbales en Plan pasado.	2	[{"changed": {"fields": ["Content"]}}]	10	30
190	2024-11-29 08:28:43.690626+00	13	Concordancia de los tiempos verbales en Plan pasado.	2	[{"changed": {"fields": ["Content"]}}]	10	30
191	2024-11-29 08:38:13.787448+00	13	Concordancia de los tiempos verbales en Plan pasado.	2	[{"changed": {"fields": ["Content"]}}]	10	30
192	2024-11-29 08:40:42.938018+00	13	Concordancia de los tiempos verbales en Plan pasado.	2	[{"changed": {"fields": ["Content"]}}]	10	30
193	2024-11-29 08:51:35.976188+00	13	Concordancia de los tiempos verbales en Plan pasado.	2	[]	10	30
194	2024-11-29 08:51:50.670079+00	13	Concordancia de los tiempos verbales en Plan pasado.	2	[{"changed": {"fields": ["Content"]}}]	10	30
195	2024-11-29 18:31:23.86787+00	13	Concordancia de los tiempos verbales en Plan pasado.	2	[]	10	30
196	2024-11-29 18:34:02.324252+00	14	Pretérito Imperfecto de Indicativo	1	[{"added": {}}]	10	30
197	2024-11-29 18:35:26.110933+00	14	Pretérito Imperfecto de Indicativo	2	[{"changed": {"fields": ["Content"]}}]	10	30
198	2024-11-29 18:35:46.928107+00	14	Pretérito Imperfecto de Indicativo	2	[{"changed": {"fields": ["Content"]}}]	10	30
199	2024-11-29 18:37:15.815995+00	14	Pretérito Imperfecto de Indicativo	2	[{"changed": {"fields": ["Content"]}}]	10	30
200	2024-11-29 18:38:52.373755+00	1	Ask How People Are	2	[{"changed": {"fields": ["Content"]}}]	10	30
201	2024-11-29 18:39:19.454582+00	1	Ask How People Are	2	[{"changed": {"fields": ["Content"]}}]	10	30
202	2024-11-29 18:43:32.769596+00	15	Modo Subjuntivo	1	[{"added": {}}]	10	30
203	2024-11-29 18:44:35.044515+00	15	Modo Subjuntivo	2	[{"changed": {"fields": ["Content"]}}]	10	30
204	2024-11-29 18:46:25.71989+00	15	Modo Subjuntivo	2	[{"changed": {"fields": ["Content"]}}]	10	30
205	2024-11-29 18:46:52.399541+00	15	Modo Subjuntivo	2	[{"changed": {"fields": ["Content"]}}]	10	30
206	2024-11-29 18:47:34.954584+00	15	Modo Subjuntivo	2	[{"changed": {"fields": ["Content"]}}]	10	30
207	2024-11-29 18:49:44.062397+00	15	Modo Subjuntivo	2	[{"changed": {"fields": ["Content"]}}]	10	30
208	2024-11-29 18:51:05.059277+00	15	Modo Subjuntivo	2	[{"changed": {"fields": ["Content"]}}]	10	30
209	2024-11-29 18:52:16.18462+00	15	Modo Subjuntivo	2	[{"changed": {"fields": ["Content"]}}]	10	30
210	2024-11-29 18:52:34.633281+00	15	Modo Subjuntivo	2	[{"changed": {"fields": ["Content"]}}]	10	30
211	2024-11-29 18:54:30.337032+00	15	Modo Subjuntivo	2	[{"changed": {"fields": ["Content"]}}]	10	30
212	2024-11-29 18:55:29.331591+00	14	Pretérito Imperfecto de Indicativo	2	[{"changed": {"fields": ["Content"]}}]	10	30
213	2024-11-29 18:55:35.791913+00	15	Modo Subjuntivo	2	[{"changed": {"fields": ["Content"]}}]	10	30
214	2024-11-29 18:56:07.9512+00	14	Pretérito Imperfecto de Indicativo	2	[{"changed": {"fields": ["Content"]}}]	10	30
215	2024-11-29 18:56:22.950007+00	15	Modo Subjuntivo	2	[{"changed": {"fields": ["Content"]}}]	10	30
216	2024-11-29 19:01:42.656714+00	16	El verbo "QUEDAR"	1	[{"added": {}}]	10	30
217	2024-11-29 19:02:55.02062+00	16	El verbo "QUEDAR"	2	[{"changed": {"fields": ["Content"]}}]	10	30
218	2024-11-29 19:03:22.80894+00	16	El verbo "QUEDAR"	2	[{"changed": {"fields": ["Content"]}}]	10	30
219	2024-11-29 20:03:53.635679+00	13	Concordancia de los tiempos verbales en Plan pasado.	2	[]	10	30
220	2024-11-29 21:15:29.851464+00	16	El verbo "QUEDAR"	2	[]	10	30
221	2024-11-29 21:16:55.926321+00	16	El verbo "QUEDAR"	2	[{"changed": {"fields": ["Content"]}}]	10	30
222	2024-11-29 21:17:42.198346+00	16	El verbo "QUEDAR"	2	[{"changed": {"fields": ["Content"]}}]	10	30
223	2024-11-29 21:20:21.916062+00	16	El verbo "QUEDAR"	2	[{"changed": {"fields": ["Content"]}}]	10	30
224	2024-11-29 21:21:31.737337+00	16	El verbo "QUEDAR"	2	[{"changed": {"fields": ["Content"]}}]	10	30
225	2024-11-29 21:21:48.173357+00	16	El verbo "QUEDAR"	2	[{"changed": {"fields": ["Content"]}}]	10	30
226	2024-11-29 21:22:23.822549+00	16	El verbo "QUEDAR"	2	[{"changed": {"fields": ["Content"]}}]	10	30
227	2024-11-29 21:23:22.757845+00	16	El verbo "QUEDAR"	2	[{"changed": {"fields": ["Content"]}}]	10	30
228	2024-11-29 21:23:51.085453+00	16	El verbo "QUEDAR"	2	[{"changed": {"fields": ["Content"]}}]	10	30
229	2024-11-29 21:24:16.505806+00	16	El verbo "QUEDAR"	2	[{"changed": {"fields": ["Content"]}}]	10	30
230	2024-11-29 21:25:34.522007+00	16	El verbo "QUEDAR"	2	[{"changed": {"fields": ["Content"]}}]	10	30
231	2024-11-29 23:32:49.618141+00	17	El verbo "QUEDARSE	1	[{"added": {}}]	10	30
232	2024-11-29 23:34:23.093201+00	17	El verbo "QUEDARSE	2	[{"changed": {"fields": ["Content"]}}]	10	30
233	2024-11-29 23:35:34.088866+00	17	El verbo "QUEDARSE	2	[{"changed": {"fields": ["Content"]}}]	10	30
234	2024-11-29 23:36:17.85593+00	17	El verbo "QUEDARSE	2	[{"changed": {"fields": ["Content"]}}]	10	30
235	2024-11-29 23:39:25.106971+00	17	El verbo "QUEDARSE	2	[{"changed": {"fields": ["Content"]}}]	10	30
236	2024-11-29 23:40:32.544873+00	17	El verbo "QUEDARSE	2	[{"changed": {"fields": ["Content"]}}]	10	30
237	2024-11-29 23:41:06.43931+00	17	El verbo "QUEDARSE	2	[{"changed": {"fields": ["Content"]}}]	10	30
238	2024-11-30 11:24:50.212399+00	1	API Access	1	[{"added": {}}]	3	30
239	2024-11-30 11:40:32.466744+00	2	Super Admins	1	[{"added": {}}]	3	30
240	2024-11-30 11:45:10.4041+00	3	Staff Admins	1	[{"added": {}}]	3	30
241	2024-11-30 11:50:26.658706+00	3	Staff Admins	2	[{"changed": {"fields": ["Permissions"]}}]	3	30
242	2024-11-30 12:40:29.797508+00	30	Mark	2	[{"changed": {"fields": ["Groups"]}}]	7	30
243	2024-11-30 12:50:26.231361+00	30	Mark	2	[{"changed": {"fields": ["Groups"]}}]	7	30
244	2024-11-30 17:43:08.494677+00	30	Mark	2	[{"changed": {"fields": ["Groups"]}}]	7	30
245	2024-11-30 18:39:17.743554+00	30	Mark	2	[{"changed": {"fields": ["Groups"]}}]	7	30
246	2024-11-30 18:40:14.183172+00	29	Ceci	2	[{"changed": {"fields": ["Groups"]}}]	7	30
247	2024-11-30 18:55:12.194652+00	29	Ceci	2	[{"changed": {"fields": ["Groups"]}}]	7	30
248	2024-11-30 20:19:31.60348+00	7	This is Event from the Admin Panel	1	[{"added": {}}]	14	30
249	2024-11-30 20:50:05.540949+00	1	API Access	3		3	30
250	2024-11-30 21:23:27.455062+00	3	Staff Admins	2	[{"changed": {"fields": ["Permissions"]}}]	3	30
251	2024-11-30 21:59:37.599225+00	3	Staff Admins	2	[]	3	30
252	2024-12-01 10:55:15.86104+00	4	Teachers	1	[{"added": {}}]	3	30
253	2024-12-01 11:05:34.931036+00	26	Deni	2	[{"changed": {"fields": ["Staff status", "Groups"]}}]	7	30
254	2024-12-01 11:08:23.667157+00	3	Beso	1	[{"added": {}}]	12	26
255	2024-12-01 11:23:20.007996+00	3	Staff Admins	2	[{"changed": {"fields": ["Permissions"]}}]	3	30
256	2024-12-01 11:23:49.565342+00	29	Ceci	2	[{"changed": {"fields": ["Staff status"]}}]	7	30
257	2024-12-01 11:24:11.528051+00	32	Tester	3		7	30
258	2024-12-01 12:00:00.197151+00	18	El verbo "LLEVAR"	1	[{"added": {}}]	10	26
259	2024-12-01 12:00:10.751011+00	17	El verbo "QUEDARSE"	2	[{"changed": {"fields": ["Title"]}}]	10	26
260	2024-12-01 12:01:35.269968+00	18	El verbo "LLEVAR"	2	[{"changed": {"fields": ["Content"]}}]	10	26
261	2024-12-01 12:03:14.455233+00	18	El verbo "LLEVAR"	2	[{"changed": {"fields": ["Content"]}}]	10	26
262	2024-12-01 12:04:05.277633+00	18	El verbo "LLEVAR"	2	[{"changed": {"fields": ["Content"]}}]	10	26
263	2024-12-01 12:06:24.097642+00	18	El verbo "LLEVAR"	2	[{"changed": {"fields": ["Content"]}}]	10	26
264	2024-12-01 12:07:01.263875+00	18	El verbo "LLEVAR"	2	[{"changed": {"fields": ["Content"]}}]	10	26
265	2024-12-01 12:08:04.713786+00	18	El verbo "LLEVAR"	2	[{"changed": {"fields": ["Content"]}}]	10	26
266	2024-12-01 12:08:34.354296+00	18	El verbo "LLEVAR"	2	[{"changed": {"fields": ["Content"]}}]	10	26
267	2024-12-01 12:09:11.728621+00	18	El verbo "LLEVAR"	2	[{"changed": {"fields": ["Content"]}}]	10	26
268	2024-12-01 12:17:08.423422+00	14	Pretérito Imperfecto de Indicativo	2	[{"changed": {"fields": ["Content"]}}]	10	26
269	2024-12-01 12:17:59.681609+00	16	El verbo "QUEDAR"	2	[{"changed": {"fields": ["Content"]}}]	10	26
270	2024-12-02 11:56:03.392658+00	13	Concordancia de los tiempos verbales en Plan pasado.	2	[{"changed": {"fields": ["Content"]}}]	10	26
271	2024-12-02 11:57:06.656057+00	13	Concordancia de los tiempos verbales en Plan pasado.	2	[{"changed": {"fields": ["Content"]}}]	10	26
272	2024-12-02 11:57:28.140426+00	13	Concordancia de los tiempos verbales en Plan pasado.	2	[{"changed": {"fields": ["Content"]}}]	10	26
273	2024-12-02 11:57:46.543106+00	13	Concordancia de los tiempos verbales en Plan pasado.	2	[{"changed": {"fields": ["Content"]}}]	10	26
274	2024-12-02 11:59:19.189475+00	14	Pretérito Imperfecto de Indicativo	2	[{"changed": {"fields": ["Content"]}}]	10	26
275	2024-12-02 11:59:52.923592+00	14	Pretérito Imperfecto de Indicativo	2	[{"changed": {"fields": ["Content"]}}]	10	26
276	2024-12-02 12:02:26.593086+00	15	Modo Subjuntivo	2	[{"changed": {"fields": ["Content"]}}]	10	26
277	2024-12-02 12:04:44.168557+00	15	Modo Subjuntivo	2	[{"changed": {"fields": ["Content"]}}]	10	26
278	2024-12-02 12:06:30.622771+00	16	El verbo "QUEDAR"	2	[{"changed": {"fields": ["Content"]}}]	10	26
279	2024-12-02 12:07:35.563507+00	16	El verbo "QUEDAR"	2	[{"changed": {"fields": ["Content"]}}]	10	26
280	2024-12-02 12:09:50.894984+00	17	El verbo "QUEDARSE"	2	[{"changed": {"fields": ["Content"]}}]	10	26
281	2024-12-02 12:10:37.91553+00	17	El verbo "QUEDARSE"	2	[{"changed": {"fields": ["Content"]}}]	10	26
282	2024-12-02 12:12:55.128117+00	18	El verbo "LLEVAR"	2	[{"changed": {"fields": ["Content"]}}]	10	26
283	2024-12-02 12:14:16.734041+00	18	El verbo "LLEVAR"	2	[{"changed": {"fields": ["Content"]}}]	10	26
284	2024-12-02 12:18:47.203312+00	18	El verbo "LLEVAR"	2	[{"changed": {"fields": ["Content"]}}]	10	26
285	2024-12-02 12:22:00.125495+00	18	El verbo "LLEVAR"	2	[{"changed": {"fields": ["Content"]}}]	10	26
286	2024-12-02 12:25:07.108815+00	18	El verbo "LLEVAR"	2	[{"changed": {"fields": ["Content"]}}]	10	26
287	2024-12-02 12:26:25.821783+00	18	El verbo "LLEVAR"	2	[{"changed": {"fields": ["Content"]}}]	10	26
288	2024-12-02 12:27:59.257848+00	18	El verbo "LLEVAR"	2	[{"changed": {"fields": ["Content"]}}]	10	26
289	2024-12-02 12:29:15.23576+00	18	El verbo "LLEVAR"	2	[{"changed": {"fields": ["Content"]}}]	10	26
290	2024-12-02 12:29:46.346079+00	18	El verbo "LLEVAR"	2	[{"changed": {"fields": ["Content"]}}]	10	26
291	2024-12-02 12:30:12.643702+00	18	El verbo "LLEVAR"	2	[{"changed": {"fields": ["Content"]}}]	10	26
292	2024-12-02 12:30:28.532618+00	18	El verbo "LLEVAR"	2	[{"changed": {"fields": ["Content"]}}]	10	26
293	2024-12-02 12:31:31.306245+00	18	El verbo "LLEVAR"	2	[{"changed": {"fields": ["Content"]}}]	10	26
294	2024-12-02 12:32:12.32933+00	18	El verbo "LLEVAR"	2	[{"changed": {"fields": ["Content"]}}]	10	26
295	2024-12-02 12:34:06.738319+00	17	El verbo "QUEDARSE"	2	[]	10	26
296	2024-12-02 12:34:37.960147+00	1	Ask How People Are	2	[{"changed": {"fields": ["Content"]}}]	10	26
297	2024-12-02 12:36:11.490853+00	2	Ser vs. estar	2	[{"changed": {"fields": ["Content"]}}]	10	26
298	2024-12-02 12:37:08.814059+00	2	Ser vs. estar	2	[{"changed": {"fields": ["Content"]}}]	10	26
299	2024-12-02 12:38:25.929781+00	3	Talk about schedules	2	[{"changed": {"fields": ["Content"]}}]	10	26
300	2024-12-02 12:40:38.491072+00	4	Discuss others' lives	2	[{"changed": {"fields": ["Content"]}}]	10	26
301	2024-12-02 12:44:49.781962+00	18	El verbo "LLEVAR"	2	[{"changed": {"fields": ["Content"]}}]	10	26
302	2024-12-04 00:38:25.041037+00	3	Title: How to Pronounce the Letters "B" and "V" in Spanish	1	[{"added": {}}]	13	29
303	2024-12-04 00:45:59.807449+00	2	Title: How Spanish Became the Language of Latin America	2	[{"changed": {"fields": ["Content"]}}]	13	29
304	2024-12-04 00:47:52.625555+00	3	Title: How to Pronounce the Letters "B" and "V" in Spanish	2	[{"changed": {"fields": ["Content"]}}]	13	29
305	2024-12-04 00:53:43.371112+00	3	Title: How to Pronounce the Letters "B" and "V" in Spanish	2	[{"changed": {"fields": ["Content"]}}]	13	29
306	2024-12-04 00:54:24.377301+00	3	Title: How to Pronounce the Letters "B" and "V" in Spanish	2	[{"changed": {"fields": ["Content"]}}]	13	29
307	2024-12-04 00:55:33.547091+00	3	Title: How to Pronounce the Letters "B" and "V" in Spanish	2	[{"changed": {"fields": ["Content"]}}]	13	29
308	2024-12-04 00:56:48.361377+00	3	Title: How to Pronounce the Letters "B" and "V" in Spanish	2	[{"changed": {"fields": ["Content"]}}]	13	29
309	2024-12-04 00:59:14.111715+00	3	Title: How to Pronounce the Letters "B" and "V" in Spanish	2	[{"changed": {"fields": ["Content"]}}]	13	29
310	2024-12-04 01:00:57.195126+00	3	Title: How to Pronounce the Letters "B" and "V" in Spanish	2	[{"changed": {"fields": ["Content"]}}]	13	29
311	2024-12-04 01:01:25.156348+00	3	Title: How to Pronounce the Letters "B" and "V" in Spanish	2	[{"changed": {"fields": ["Content"]}}]	13	29
312	2024-12-04 01:02:10.535641+00	3	Title: How to Pronounce the Letters "B" and "V" in Spanish	2	[{"changed": {"fields": ["Content"]}}]	13	29
313	2024-12-04 01:04:42.843479+00	2	Title: How Spanish Became the Language of Latin America	2	[{"changed": {"fields": ["Content"]}}]	13	29
314	2024-12-04 01:05:53.347607+00	1	Title: Why Learn Spanish	2	[{"changed": {"fields": ["Content"]}}]	13	29
315	2024-12-04 01:07:25.136288+00	3	Title: How to Pronounce the Letters "B" and "V" in Spanish	2	[{"changed": {"fields": ["Content"]}}]	13	29
316	2024-12-04 01:12:54.636107+00	3	Title: How to Pronounce the Letters "B" and "V" in Spanish	2	[{"changed": {"fields": ["Content"]}}]	13	29
317	2024-12-04 01:14:53.782822+00	3	Title: How to Pronounce the Letters "B" and "V" in Spanish	2	[{"changed": {"fields": ["Content"]}}]	13	29
318	2024-12-04 01:15:17.259976+00	3	Title: How to Pronounce the Letters "B" and "V" in Spanish	2	[{"changed": {"fields": ["Content"]}}]	13	29
319	2024-12-04 01:15:57.220749+00	3	Title: How to Pronounce the Letters "B" and "V" in Spanish	2	[{"changed": {"fields": ["Content"]}}]	13	29
320	2024-12-04 01:16:30.689258+00	3	Title: How to Pronounce the Letters "B" and "V" in Spanish	2	[{"changed": {"fields": ["Content"]}}]	13	29
321	2024-12-04 01:34:24.506532+00	2	Title: How Spanish Became the Language of Latin America	2	[]	13	29
322	2024-12-05 11:56:12.755484+00	19	Comparación: "LLEVAR" vs "LLEVARSE"	1	[{"added": {}}]	10	26
323	2024-12-05 11:57:15.947203+00	19	Comparación: "LLEVAR" vs "LLEVARSE"	2	[{"changed": {"fields": ["Content"]}}]	10	26
324	2024-12-05 11:58:13.016204+00	19	Comparación: "LLEVAR" vs "LLEVARSE"	2	[{"changed": {"fields": ["Content"]}}]	10	26
325	2024-12-05 11:58:58.922824+00	19	Comparación: "LLEVAR" vs "LLEVARSE"	2	[{"changed": {"fields": ["Content"]}}]	10	26
326	2024-12-05 11:59:16.051471+00	19	Comparación: "LLEVAR" vs "LLEVARSE"	2	[{"changed": {"fields": ["Content"]}}]	10	26
327	2024-12-05 11:59:45.411911+00	19	Comparación: "LLEVAR" vs "LLEVARSE"	2	[{"changed": {"fields": ["Content"]}}]	10	26
328	2024-12-05 12:00:07.328552+00	19	Comparación: "LLEVAR" vs "LLEVARSE"	2	[{"changed": {"fields": ["Content"]}}]	10	26
329	2024-12-05 12:01:11.408463+00	19	Comparación: "LLEVAR" vs "LLEVARSE"	2	[{"changed": {"fields": ["Content"]}}]	10	26
330	2024-12-05 12:04:40.75006+00	19	Comparación: "LLEVAR" vs "LLEVARSE"	2	[{"changed": {"fields": ["Content"]}}]	10	26
331	2024-12-05 12:08:25.159906+00	20	Comparación: Pretérito Perfecto de Indicativo vs Pretérito Indefinido	1	[{"added": {}}]	10	26
332	2024-12-05 12:10:02.698826+00	20	Comparación: Pretérito Perfecto de Indicativo vs Pretérito Indefinido	2	[{"changed": {"fields": ["Content"]}}]	10	26
333	2024-12-05 12:10:20.669117+00	20	Comparación: Pretérito Perfecto de Indicativo vs Pretérito Indefinido	2	[{"changed": {"fields": ["Content"]}}]	10	26
334	2024-12-05 12:11:30.452229+00	20	Comparación: Pretérito Perfecto de Indicativo vs Pretérito Indefinido	2	[{"changed": {"fields": ["Content"]}}]	10	26
335	2024-12-05 12:12:07.332253+00	20	Comparación: Pretérito Perfecto de Indicativo vs Pretérito Indefinido	2	[{"changed": {"fields": ["Content"]}}]	10	26
336	2024-12-05 12:12:27.065666+00	20	Comparación: Pretérito Perfecto de Indicativo vs Pretérito Indefinido	2	[{"changed": {"fields": ["Content"]}}]	10	26
337	2024-12-05 12:12:50.977536+00	20	Comparación: Pretérito Perfecto de Indicativo vs Pretérito Indefinido	2	[{"changed": {"fields": ["Content"]}}]	10	26
338	2024-12-05 12:19:44.998595+00	4	Title: The Differences Between Spanish in Spain and Latin America: A Journey Through Language and Culture	1	[{"added": {}}]	13	29
339	2024-12-05 12:20:31.0927+00	4	Title: The Differences Between Spanish in Spain and Latin America	2	[{"changed": {"fields": ["Title", "Content"]}}]	13	29
340	2024-12-05 12:31:40.591198+00	5	Title: Why Spanish is the Language of the Future	1	[{"added": {}}]	13	29
341	2024-12-06 09:17:45.430043+00	3	Staff Admins	2	[{"changed": {"fields": ["Permissions"]}}]	3	30
342	2024-12-06 09:20:17.332856+00	3	Staff Admins	2	[{"changed": {"fields": ["Permissions"]}}]	3	30
343	2024-12-06 21:06:16.912672+00	7	Gustar	3		12	30
344	2024-12-06 21:06:37.361131+00	8	Siempre	1	[{"added": {}}]	12	30
\.


--
-- Data for Name: django_content_type; Type: TABLE DATA; Schema: public; Owner: postgres
--

COPY public.django_content_type (id, app_label, model) FROM stdin;
1	admin	logentry
2	auth	permission
3	auth	group
4	auth	user
5	contenttypes	contenttype
6	sessions	session
7	accounts	customuser
8	forum	forumpost
9	forum	comment
10	lessons	lesson
11	courses	course
12	lessons	wordoftheday
13	blog	blogpost
14	events	event
\.


--
-- Data for Name: django_migrations; Type: TABLE DATA; Schema: public; Owner: postgres
--

COPY public.django_migrations (id, app, name, applied) FROM stdin;
1	contenttypes	0001_initial	2024-11-15 16:58:15.370614+00
2	auth	0001_initial	2024-11-15 16:58:15.420723+00
6	contenttypes	0002_remove_content_type_name	2024-11-15 16:58:15.527148+00
7	auth	0002_alter_permission_name_max_length	2024-11-15 16:58:15.531789+00
8	auth	0003_alter_user_email_max_length	2024-11-15 16:58:15.534947+00
9	auth	0004_alter_user_username_opts	2024-11-15 16:58:15.53764+00
10	auth	0005_alter_user_last_login_null	2024-11-15 16:58:15.540517+00
11	auth	0006_require_contenttypes_0002	2024-11-15 16:58:15.540971+00
12	auth	0007_alter_validators_add_error_messages	2024-11-15 16:58:15.543429+00
13	auth	0008_alter_user_username_max_length	2024-11-15 16:58:15.548621+00
14	auth	0009_alter_user_last_name_max_length	2024-11-15 16:58:15.552204+00
15	auth	0010_alter_group_name_max_length	2024-11-15 16:58:15.557103+00
16	auth	0011_update_proxy_permissions	2024-11-15 16:58:15.560139+00
17	auth	0012_alter_user_first_name_max_length	2024-11-15 16:58:15.563671+00
18	sessions	0001_initial	2024-11-15 16:58:15.569891+00
19	accounts	0001_initial	2024-11-15 22:50:14.479892+00
23	admin	0001_initial	2024-11-16 01:26:05.713341+00
24	admin	0002_logentry_remove_auto_add	2024-11-16 01:26:05.717071+00
25	admin	0003_logentry_add_action_flag_choices	2024-11-16 01:26:05.72073+00
26	accounts	0002_alter_customuser_profile_photo	2024-11-16 18:20:16.440532+00
27	accounts	0003_alter_customuser_bio	2024-11-18 10:20:54.811112+00
28	accounts	0004_alter_customuser_email_and_more	2024-11-21 00:23:17.52293+00
29	forum	0001_initial	2024-11-21 00:23:17.537377+00
30	forum	0002_comment	2024-11-22 08:44:07.120841+00
31	courses	0001_initial	2024-11-22 14:23:34.270309+00
32	lessons	0001_initial	2024-11-22 14:23:34.286083+00
33	lessons	0002_alter_lesson_content	2024-11-22 17:48:59.169995+00
34	lessons	0003_wordoftheday	2024-11-23 11:35:46.182694+00
35	blog	0001_initial	2024-11-23 22:30:53.915967+00
36	blog	0002_alter_blogpost_content	2024-11-23 23:19:02.957793+00
37	blog	0003_alter_blogpost_slug	2024-11-24 00:01:13.424811+00
38	events	0001_initial	2024-11-24 21:44:19.305565+00
39	events	0002_event_attendees	2024-11-24 22:17:22.618059+00
40	blog	0004_blogpost_image	2024-11-27 21:31:21.295944+00
41	blog	0005_remove_blogpost_image	2024-11-27 23:29:01.779591+00
42	blog	0006_alter_blogpost_slug	2024-11-29 19:22:05.081976+00
43	blog	0007_alter_blogpost_slug	2024-11-29 19:24:11.666461+00
44	lessons	0004_lesson_slug	2024-11-29 19:41:29.775788+00
45	blog	0008_alter_blogpost_slug	2024-11-29 20:37:45.378744+00
46	lessons	0005_alter_lesson_slug	2024-11-29 20:37:45.389004+00
47	accounts	0002_alter_customuser_managers	2024-12-04 12:25:38.458795+00
\.


--
-- Data for Name: django_session; Type: TABLE DATA; Schema: public; Owner: postgres
--

COPY public.django_session (session_key, session_data, expire_date) FROM stdin;
6g1k6ataazf1bryf02bjdjbvgnsfcgg0	.eJxVjM0OwiAQhN-FsyF25WfXo_c-AwEWpGogKe3J-O62SQ96nPm-mbdwfl2KW3ua3cTiKgYlTr9l8PGZ6k744eu9ydjqMk9B7oo8aJdj4_S6He7fQfG9bGtNmBXyRRv2mC0a4kBIYECBOoMeGMl6DkxJGZuYIKYtWQbMGjiLzxf1iThA:1tCOtx:d_bVME6A3BPhTc3Tt6iFMyLukraWH1KCKXFBLc3kodE	2024-11-30 19:56:13.79022+00
yq9tnzymzi5zlitvsx90yrtyn5lxufha	.eJxVjEEOwiAQRe_C2pBCCxSX7nsGMjMMUjWQlHZlvLtt0oVu_3vvv0WAbc1ha7yEOYqr0F5cfkcEenI5SHxAuVdJtazLjPJQ5EmbnGrk1-10_w4ytLzXPYB3I9oESY_JsmfN_YAMpgNLauict45jQlYElMgb48j2KZKyO0Lx-QI3VDlC:1tDXxS:mdiakyiknKZRZ0JFiqxqCaz5z2Mfd2aZcJeenQszY2c	2024-12-03 23:48:34.705354+00
s83aogtfflvlfrsrl5m9sdqnic5ixgmq	.eJxVjDsOwjAQBe_iGllef2KHkj5nsNbeDQ4gR4qTCnF3EikFtG9m3ltE3NYSt8ZLnEhchVHi8jsmzE-uB6EH1vss81zXZUryUORJmxxm4tftdP8OCray1yo70GwoGFYu6zFDlxyyA29Aow2pN53LoCHQaNlq5XvWbGlXrPc-iM8X9Lc3bg:1tJgUt:lvYlNSgRf4iwTVeAlcIZMIH3nOk2Wofqc1XPPqL28uY	2024-12-20 22:08:27.344025+00
iuupbfm561yor2bjszw0b5cjzmjq1cmv	.eJxVjMsOwiAQRf-FtSHlOeDSvd9AgBmkaiAp7cr479qkC93ec859sRC3tYZt0BJmZGcG7PS7pZgf1HaA99hunefe1mVOfFf4QQe_dqTn5XD_Dmoc9VurpIQESM5ptFg8USwiZ-E1YrLopEID3hk0ysqSp2JJE0CU2Vk5ecneH_NmN_I:1tCFWS:2aOIS_Kmh2Ze0p_5vcxt16-gVeNd1XQI3hgnJAm8qrE	2024-11-30 09:55:20.662949+00
rc193ij6m3losd22o8przkbkpf4s46e7	.eJxVjEEOwiAQRe_C2pBCCxSX7nsGMjMMUjWQlHZlvLtt0oVu_3vvv0WAbc1ha7yEOYqr0F5cfkcEenI5SHxAuVdJtazLjPJQ5EmbnGrk1-10_w4ytLzXPYB3I9oESY_JsmfN_YAMpgNLauict45jQlYElMgb48j2KZKyO0Lx-QI3VDlC:1tDvKb:szGdDm23_c7iZy1ckgtr8QFPQQ1LcPjxCq4IRPv1itM	2024-12-05 00:46:01.10572+00
p83lclh8sgejxlap9s6ovlwncewuoq5p	.eJxVjEEOwiAQRe_C2pBCCxSX7nsGMjMMUjWQlHZlvLtt0oVu_3vvv0WAbc1ha7yEOYqr0F5cfkcEenI5SHxAuVdJtazLjPJQ5EmbnGrk1-10_w4ytLzXPYB3I9oESY_JsmfN_YAMpgNLauict45jQlYElMgb48j2KZKyO0Lx-QI3VDlC:1tJbKa:PbswAdEDWgoOwgwjsGLKfnUwRJB-kGuKDMbecamZ-Tg	2024-12-20 16:37:28.055718+00
9d5onuwcwc2n45r2kzp8crf76872gnpo	.eJxVjDsOwjAQBe_iGllef2KHkj5nsNbeDQ4gR4qTCnF3EikFtG9m3ltE3NYSt8ZLnEhchVHi8jsmzE-uB6EH1vss81zXZUryUORJmxxm4tftdP8OCray1yo70GwoGFYu6zFDlxyyA29Aow2pN53LoCHQaNlq5XvWbGlXrPc-iM8X9Lc3bg:1tJbSI:7BQHTBaYMOt5sY_3zvyG33Mn307CqWNbdRj3osBLmJg	2024-12-20 16:45:26.028532+00
ax3b8qr1aufxhqgnmuxg0dwvtn4l0rwn	.eJxVjDsOwjAQBe_iGllef2KHkj5nsNbeDQ4gR4qTCnF3EikFtG9m3ltE3NYSt8ZLnEhchVHi8jsmzE-uB6EH1vss81zXZUryUORJmxxm4tftdP8OCray1yo70GwoGFYu6zFDlxyyA29Aow2pN53LoCHQaNlq5XvWbGlXrPc-iM8X9Lc3bg:1tEUYT:VyAYkIwl52ChzQ3eVmTZVi-ypD3x6FLQnwj0qJiuJk4	2024-12-06 14:22:41.656914+00
1lkl04try8jzun3buxk7zk4keum66egk	.eJxVjDsOwjAQBe_iGlm2119Kes4QrTdrHECOFCcV4u4QKQW0b2beSwy4rXXYOi_DNIqzMEmcfseM9OC2k_GO7TZLmtu6TFnuijxol9d55OflcP8OKvb6rbXiorPCEDn7YpkjcFKk0HjjnDOqaFAeLCBEiMGCdZaIfEhkNRUn3h_6pTdA:1tJxYh:ScdE8TjdQvni86jnAIC7QBlf9AF34HYmdAOjq_rlw90	2024-12-21 16:21:31.181383+00
9wdwvl4g46q0mbwbl33nfiqkakaoo0ll	.eJxVjDsOwyAQBe9CHSHMx6xTpvcZECxscBKBZOwqyt2DJRdJO2_mvZnz-5bd3tLqlsiuTI7s8guDx2cqxxIfvtwrx1q2dQn8UPi5Nj7XmF630_07yL7lXpNSENCbUQKijaQTCQRh0EIkmowIUkyWqCMCjQEApZJi0MoOvZPs8wUg8Tg_:1tCeEZ:H32M4G8oY174HHm0nwHg8H1HMKP7xOUubxPLw6TdgS0	2024-12-01 12:18:31.17405+00
\.


--
-- Data for Name: events_event; Type: TABLE DATA; Schema: public; Owner: postgres
--

COPY public.events_event (id, title, description, start_time, end_time) FROM stdin;
2	Cultural Exchange Evening	Join us for an evening of cultural exchange and discovery! This event will feature engaging workshops, interactive activities, and presentations showcasing the rich traditions, music, and cuisine of Spanish-speaking countries. Whether you're learning Spanish or simply curious about the culture, this is the perfect opportunity to connect with fellow enthusiasts and broaden your horizons. Don't miss this celebration of diversity and creativity!	2025-02-05 18:00:00+00	2025-02-05 20:00:00+00
3	This is our Change!!!	Lorem ipsum dolor sit amet, consectetur adipiscing elit, sed do eiusmod tempor incididunt ut labore et dolore magna aliqua. Ut enim ad minim veniam, quis nostrud exercitation ullamco laboris nisi ut aliquip ex ea commodo consequat. Duis aute irure dolor in reprehenderit in voluptate velit esse cillum dolore eu fugiat nulla pariatur. Excepteur sint occaecat cupidatat non proident, sunt in culpa qui officia deserunt mollit anim id est laborum.	2024-11-30 02:39:00+00	2024-11-30 03:40:00+00
1	Spanish Language Day!	A day dedicated to the Spanish language, organized for all students and enthusiasts who want to deepen their knowledge of Spanish language and culture. The event will feature:\r\n\r\nInteractive workshops on Spanish (conversation, grammar, and listening).\r\nCultural lectures on Spanish traditions, festivals, and cuisine.\r\nQuiz competitions with prizes related to the Spanish language.\r\nOpportunities to meet representatives from partner universities in Spain.	2024-12-18 18:00:00+00	2024-12-18 20:00:00+00
\.


--
-- Data for Name: events_event_attendees; Type: TABLE DATA; Schema: public; Owner: postgres
--

COPY public.events_event_attendees (id, event_id, customuser_id) FROM stdin;
1	1	29
4	1	26
6	2	26
7	1	30
8	2	30
11	2	29
20	3	29
22	1	41
\.


--
-- Data for Name: forum_comment; Type: TABLE DATA; Schema: public; Owner: postgres
--

COPY public.forum_comment (id, content, created_at, post_id, user_id) FROM stdin;
3	How can I do that?	2024-11-22 08:58:17.308975+00	2	29
5	2	2024-11-22 09:34:11.469268+00	2	29
6	3	2024-11-22 09:34:13.770799+00	2	29
7	4	2024-11-22 09:34:16.772209+00	2	29
14	Hello Mark.	2024-11-23 13:21:57.638015+00	11	29
15	How are you Ceci?	2024-11-29 18:11:52.900997+00	11	26
\.


--
-- Data for Name: forum_forumpost; Type: TABLE DATA; Schema: public; Owner: postgres
--

COPY public.forum_forumpost (id, title, content, created_at, updated_at, user_id) FROM stdin;
3	I know what to do	Si, eso es verdad!	2024-11-21 01:36:50.729775+00	2024-11-21 01:36:50.729795+00	26
2	The best way to learn!	You have to immerse yourself into it!	2024-11-21 01:24:18.851808+00	2024-11-21 02:04:24.639206+00	26
7	What do you think?	What a nice comment!	2024-11-22 09:48:09.07598+00	2024-11-22 12:38:13.396394+00	29
11	I am the Admin, welcome!	Hello, I am Mark, the admin of this website!	2024-11-22 22:33:08.315412+00	2024-11-22 22:34:05.971907+00	30
5	Comment by me Ceci	Bla bla bla	2024-11-22 09:47:59.552119+00	2024-12-04 10:56:56.118914+00	29
\.


--
-- Data for Name: lessons_lesson; Type: TABLE DATA; Schema: public; Owner: postgres
--

COPY public.lessons_lesson (id, title, content, image, created_at, updated_at, course_id, slug) FROM stdin;
2	Ser vs. estar	<p>Remember to use <strong>estar</strong> to describe things that are only temporarily true, like the location of people and things.​</p>\r\n\r\n<p><img alt="" height="200" src="/media/images/lessons/2024/11/22/manuel.jpg" width="400" /></p>\r\n\r\n<p class="spanish">Manuel <strong>est&aacute;</strong> aqu&iacute;.</p>\r\n\r\n<p class="english">Manuel is here.</p>\r\n\r\n<p class="english">&nbsp;</p>\r\n\r\n<p>You would also use <strong>estoy</strong>, <strong>est&aacute;s</strong>, <strong>est&aacute;</strong>, to talk about how people are feeling or doing.</p>\r\n\r\n<p><img alt="" height="200" src="/media/images/lessons/2024/11/22/cansada.jpg" width="400" /></p>\r\n\r\n<p class="spanish">&iexcl;Yo <strong>estoy</strong> cansada!</p>\r\n\r\n<p class="english">I am tired!</p>\r\n\r\n<p class="english">&nbsp;</p>\r\n\r\n<p>Use <strong>ser</strong> for more permanent descriptions, like explaining what someone is like.</p>\r\n\r\n<p><img alt="" height="200" src="/media/images/lessons/2024/11/22/graduation.jpg" width="400" /></p>\r\n\r\n<p class="spanish">Mi hermano <strong>es</strong> inteligente.</p>\r\n\r\n<p class="english">My brother is intelligent.</p>\r\n\r\n<p class="english">&nbsp;</p>\r\n\r\n<p>You would also use <strong>soy</strong>, <strong>eres</strong>, <strong>es</strong> to say where people are from.</p>\r\n\r\n<p><img alt="" height="200" src="/media/images/lessons/2024/11/22/from-usa.jpg" width="400" /></p>\r\n\r\n<p>&nbsp;</p>\r\n\r\n<p class="spanish">Yo <strong>soy</strong> de los Estados Unidos.</p>\r\n\r\n<p class="english">I am from the United States.</p>\r\n\r\n<p class="english">&nbsp;</p>\r\n\r\n<p class="tip"><strong>KEY PHRASES - Express Travel Needs</strong></p>\r\n\r\n<p class="tip">&nbsp;</p>\r\n\r\n<p class="spanish">&iquest;Tienes el boleto?</p>\r\n\r\n<p class="english">Do you have the ticket?</p>\r\n\r\n<p class="english">&nbsp;</p>\r\n\r\n<p class="spanish">S&iacute;, yo tengo el boleto.</p>\r\n\r\n<p class="english">Yes, I have the ticket.</p>\r\n\r\n<p class="english">&nbsp;</p>\r\n\r\n<p class="spanish">Yo necesito mi pasaporte.</p>\r\n\r\n<p class="english">I need my passport.</p>\r\n\r\n<p class="english">&nbsp;</p>\r\n\r\n<p class="spanish">&iquest;Tienes la maleta?</p>\r\n\r\n<p class="english">Do you have the suitcase?</p>\r\n\r\n<p class="english">&nbsp;</p>\r\n\r\n<p class="spanish">&iquest;Necesita un taxi, se&ntilde;or?</p>\r\n\r\n<p class="english">Do you need a taxi, sir?</p>\r\n\r\n<p class="tip">&nbsp;</p>\r\n\r\n<h4>&iquest;Quieres m&aacute;s agua?</h4>\r\n\r\n<p>&nbsp;</p>\r\n\r\n<p>Remember that in Spanish, verbs change depending on the person.</p>\r\n\r\n<table>\r\n\t<thead>\r\n\t\t<tr>\r\n\t\t\t<th>Subject</th>\r\n\t\t\t<th>Verb</th>\r\n\t\t</tr>\r\n\t\t<tr>\r\n\t\t\t<td>yo - I</td>\r\n\t\t\t<td>necesit<span><strong>o</strong></span> - need</td>\r\n\t\t</tr>\r\n\t\t<tr>\r\n\t\t\t<td>t&uacute; - you</td>\r\n\t\t\t<td>necesit<span><strong>as</strong></span> - need</td>\r\n\t\t</tr>\r\n\t\t<tr>\r\n\t\t\t<td>&eacute;l / ella / usted - he / she / you</td>\r\n\t\t\t<td>necesit<span><strong>a</strong></span> - needs / need</td>\r\n\t\t</tr>\r\n\t</thead>\r\n</table>\r\n\r\n<p>&nbsp;</p>\r\n\r\n<p>Notice that <strong>&eacute;l</strong>, <strong>ella</strong>, and <strong>usted</strong> always have the same verb form.</p>\r\n\r\n<p>&nbsp;</p>\r\n\r\n<table>\r\n\t<thead>\r\n\t\t<tr>\r\n\t\t\t<th>Subject</th>\r\n\t\t\t<th>Verb</th>\r\n\t\t</tr>\r\n\t\t<tr>\r\n\t\t\t<td>yo - I</td>\r\n\t\t\t<td>quier<span><strong>o</strong></span> - want</td>\r\n\t\t</tr>\r\n\t\t<tr>\r\n\t\t\t<td>t&uacute; - you</td>\r\n\t\t\t<td>quier<span><strong>es</strong></span> - want</td>\r\n\t\t</tr>\r\n\t\t<tr>\r\n\t\t\t<td>&eacute;l / ella / usted - he / she / you</td>\r\n\t\t\t<td>quier<span><strong>e</strong></span> - wants / want</td>\r\n\t\t</tr>\r\n\t</thead>\r\n</table>		2024-11-22 21:12:59.893076+00	2024-12-02 12:37:08.812674+00	1	ser-vs-estar
9	Let's talk about Present Tense!	<p>Notice the three different patterns for verbs like <strong>habl<span>ar</span></strong>, <strong>com<span>er</span></strong>, or <strong>viv<span>ir</span></strong></p>\r\n\r\n<table>\r\n\t<tbody>\r\n\t\t<tr>\r\n\t\t\t<th>Suject</th>\r\n\t\t\t<th>Verb (hablar)</th>\r\n\t\t</tr>\r\n\t\t<tr>\r\n\t\t\t<td>yo</td>\r\n\t\t\t<td>habl<strong><span>o</span></strong></td>\r\n\t\t</tr>\r\n\t\t<tr>\r\n\t\t\t<td>t&uacute;</td>\r\n\t\t\t<td>habl<strong><span>as</span></strong></td>\r\n\t\t</tr>\r\n\t\t<tr>\r\n\t\t\t<td>&eacute;l / ella / usted</td>\r\n\t\t\t<td>habl<strong><span>a</span></strong></td>\r\n\t\t</tr>\r\n\t\t<tr>\r\n\t\t\t<td>nosotros / nosotras</td>\r\n\t\t\t<td>habl<strong><span>amos</span></strong></td>\r\n\t\t</tr>\r\n\t\t<tr>\r\n\t\t\t<td>ellos / ellas / ustedes</td>\r\n\t\t\t<td>habl<strong><span>an</span></strong></td>\r\n\t\t</tr>\r\n\t</tbody>\r\n</table>\r\n\r\n<p>&nbsp;</p>\r\n\r\n<p>&nbsp;</p>\r\n\r\n<table>\r\n\t<tbody>\r\n\t\t<tr>\r\n\t\t\t<th>Suject</th>\r\n\t\t\t<th>Verb (comer)</th>\r\n\t\t</tr>\r\n\t\t<tr>\r\n\t\t\t<td>yo</td>\r\n\t\t\t<td>com<strong><span>o</span></strong></td>\r\n\t\t</tr>\r\n\t\t<tr>\r\n\t\t\t<td>t&uacute;</td>\r\n\t\t\t<td>com<strong><span>es</span></strong></td>\r\n\t\t</tr>\r\n\t\t<tr>\r\n\t\t\t<td>&eacute;l / ella / usted</td>\r\n\t\t\t<td>com<strong><span>e</span></strong></td>\r\n\t\t</tr>\r\n\t\t<tr>\r\n\t\t\t<td>nosotros / nosotras</td>\r\n\t\t\t<td>com<strong><span>emos</span></strong></td>\r\n\t\t</tr>\r\n\t\t<tr>\r\n\t\t\t<td>ellos / ellas / ustedes</td>\r\n\t\t\t<td>com<strong><span>en</span></strong></td>\r\n\t\t</tr>\r\n\t</tbody>\r\n</table>\r\n\r\n<p>&nbsp;</p>\r\n\r\n<p>&nbsp;</p>\r\n\r\n<table>\r\n\t<tbody>\r\n\t\t<tr>\r\n\t\t\t<th>Suject</th>\r\n\t\t\t<th>Verb (vivir)</th>\r\n\t\t</tr>\r\n\t\t<tr>\r\n\t\t\t<td>yo</td>\r\n\t\t\t<td>viv<strong><span>o</span></strong></td>\r\n\t\t</tr>\r\n\t\t<tr>\r\n\t\t\t<td>t&uacute;</td>\r\n\t\t\t<td>viv<strong><span>es</span></strong></td>\r\n\t\t</tr>\r\n\t\t<tr>\r\n\t\t\t<td>&eacute;l / ella / usted</td>\r\n\t\t\t<td>viv<strong><span>e</span></strong></td>\r\n\t\t</tr>\r\n\t\t<tr>\r\n\t\t\t<td>nosotros / nosotras</td>\r\n\t\t\t<td>viv<strong><span>imos</span></strong></td>\r\n\t\t</tr>\r\n\t\t<tr>\r\n\t\t\t<td>ellos / ellas / ustedes</td>\r\n\t\t\t<td>viv<strong><span>en</span></strong></td>\r\n\t\t</tr>\r\n\t</tbody>\r\n</table>\r\n\r\n<p>&nbsp;</p>\r\n\r\n<p>&nbsp;</p>\r\n\r\n<p class="tip"><strong>KEY PHRASES - Describe activities</strong></p>\r\n\r\n<p class="tip">&nbsp;</p>\r\n\r\n<p class="spanish">Nosotros trabajamos en casa.</p>\r\n\r\n<p class="english">We work at home.</p>\r\n\r\n<p class="english">&nbsp;</p>\r\n\r\n<p class="spanish">T&uacute; escribes bien en espa&ntilde;ol.</p>\r\n\r\n<p class="english">You write well in Spanish.</p>\r\n\r\n<p class="english">&nbsp;</p>\r\n\r\n<p class="spanish">&iquest;Ustedes aprenden italiano?</p>\r\n\r\n<p class="english">Are you learning Italian?</p>\r\n\r\n<p class="english">&nbsp;</p>\r\n\r\n<p class="spanish">&Eacute;l quiere aprender italiano.</p>\r\n\r\n<p class="english">He wants to learn Italian.</p>\r\n\r\n<p class="tip">&nbsp;</p>\r\n\r\n<p><strong>Happy endings</strong></p>\r\n\r\n<p>The basic form of a verb is called an <strong>infinitive</strong>. For example, <strong>hablar (to speak)</strong>, <strong>comer (to eat)</strong>, and <strong>escribir (to write)</strong> are all infinitives.</p>\r\n\r\n<p>&nbsp;</p>\r\n\r\n<p>Spanish has three verb groups: verbs ending in <strong><span>-ar</span></strong>, <strong><span>-er</span></strong>, or <strong><span>-ir</span></strong>.</p>\r\n\r\n<p>These are the ending patterns for each group.</p>\r\n\r\n<p>&nbsp;</p>\r\n\r\n<table>\r\n\t<tbody>\r\n\t\t<tr>\r\n\t\t\t<th>Subject</th>\r\n\t\t\t<th>Verb (hablar)</th>\r\n\t\t</tr>\r\n\t\t<tr>\r\n\t\t\t<td>yo - I</td>\r\n\t\t\t<td>habl<span><strong>o</strong></span> - talk / speak</td>\r\n\t\t</tr>\r\n\t\t<tr>\r\n\t\t\t<td>t&uacute; - you</td>\r\n\t\t\t<td>habl<span><strong>as</strong></span> - talk / speak</td>\r\n\t\t</tr>\r\n\t\t<tr>\r\n\t\t\t<td>&eacute;l / ella / usted - he / she / you</td>\r\n\t\t\t<td>habl<span><strong>a</strong></span> - talks / speaks, talk / speak</td>\r\n\t\t</tr>\r\n\t\t<tr>\r\n\t\t\t<td>nosotros / nosotras - we</td>\r\n\t\t\t<td>habl<span><strong>amos</strong></span> - talk / speak</td>\r\n\t\t</tr>\r\n\t\t<tr>\r\n\t\t\t<td>ellos / ellas / ustedes - they / you all</td>\r\n\t\t\t<td>habl<span><strong>an</strong></span> - talk / speak</td>\r\n\t\t</tr>\r\n\t</tbody>\r\n</table>\r\n\r\n<p>&nbsp;</p>\r\n\r\n<p>&nbsp;</p>\r\n\r\n<table>\r\n\t<tbody>\r\n\t\t<tr>\r\n\t\t\t<th>Suject</th>\r\n\t\t\t<th>Verb (comer)</th>\r\n\t\t</tr>\r\n\t\t<tr>\r\n\t\t\t<td>yo - I</td>\r\n\t\t\t<td>com<strong><span>o</span></strong> - eat</td>\r\n\t\t</tr>\r\n\t\t<tr>\r\n\t\t\t<td>t&uacute; - you</td>\r\n\t\t\t<td>com<strong><span>es</span></strong> - eat</td>\r\n\t\t</tr>\r\n\t\t<tr>\r\n\t\t\t<td>&eacute;l / ella / usted - he / she / you</td>\r\n\t\t\t<td>com<strong><span>e</span></strong> - eats / eat</td>\r\n\t\t</tr>\r\n\t\t<tr>\r\n\t\t\t<td>nosotros / nosotras - we</td>\r\n\t\t\t<td>com<strong><span>emos</span></strong> - eat</td>\r\n\t\t</tr>\r\n\t\t<tr>\r\n\t\t\t<td>ellos / ellas / ustedes - they / you all</td>\r\n\t\t\t<td>com<strong><span>en</span></strong> - eat</td>\r\n\t\t</tr>\r\n\t</tbody>\r\n</table>\r\n\r\n<p>&nbsp;</p>\r\n\r\n<p>&nbsp;</p>\r\n\r\n<table>\r\n\t<tbody>\r\n\t\t<tr>\r\n\t\t\t<th>Subject</th>\r\n\t\t\t<th>Verb (escribir)</th>\r\n\t\t</tr>\r\n\t\t<tr>\r\n\t\t\t<td>yo - I</td>\r\n\t\t\t<td>escrib<strong><span>o</span></strong> - write</td>\r\n\t\t</tr>\r\n\t\t<tr>\r\n\t\t\t<td>t&uacute; - you</td>\r\n\t\t\t<td>escrib<strong><span>es</span></strong> - write</td>\r\n\t\t</tr>\r\n\t\t<tr>\r\n\t\t\t<td>&eacute;l / ella / usted - he / she / you</td>\r\n\t\t\t<td>escrib<strong><span>e</span></strong> - writes / write</td>\r\n\t\t</tr>\r\n\t\t<tr>\r\n\t\t\t<td>nosotros / nosotras - we</td>\r\n\t\t\t<td>escrib<strong><span>imos</span></strong> - write</td>\r\n\t\t</tr>\r\n\t\t<tr>\r\n\t\t\t<td>ellos / ellas / ustedes - they / you all</td>\r\n\t\t\t<td>escri<strong><span>en</span></strong> - write</td>\r\n\t\t</tr>\r\n\t</tbody>\r\n</table>		2024-11-23 15:15:12.755351+00	2024-11-29 19:48:25.5343+00	1	lets-talk-about-present-tense
3	Talk about schedules	<p class="spanish">Marco, &iquest;qu&eacute; d&iacute;a es hoy?</p>\r\n\r\n<p class="english">Marco, what day is today?</p>\r\n\r\n<p class="english">&nbsp;</p>\r\n\r\n<p class="spanish">Hoy es jueves.</p>\r\n\r\n<p class="english">Today is Thursday.</p>\r\n\r\n<p class="english">&nbsp;</p>\r\n\r\n<p class="spanish">&iquest;Cu&aacute;ndo es la fiesta?</p>\r\n\r\n<p class="english">When is the party?</p>\r\n\r\n<p class="english">&nbsp;</p>\r\n\r\n<p class="spanish">Mi fiesta de cumplea&ntilde;os es el s&aacute;bado.</p>\r\n\r\n<p class="english">My birthday party is on Saturday.</p>\r\n\r\n<p class="english">&nbsp;</p>\r\n\r\n<p class="spanish">&iquest;Cu&aacute;ndo es el partido?</p>\r\n\r\n<p class="english">When is the game?</p>\r\n\r\n<p class="english">&nbsp;</p>\r\n\r\n<p class="spanish">El concierto es el s&aacute;bado.</p>\r\n\r\n<p class="english">The concert is on Saturday.</p>\r\n\r\n<p class="tip">&nbsp;</p>\r\n\r\n<h4>Days of the week</h4>\r\n\r\n<p>&nbsp;</p>\r\n\r\n<p>In Spanish, the days of the week are not capitalized.</p>\r\n\r\n<p class="spanish">Hoy es lunes.</p>\r\n\r\n<p class="english">Today is Monday.</p>\r\n\r\n<p>To say <strong>on Monday</strong> or <strong>on Saturday</strong>, use <strong>el</strong> before the day of the week.</p>\r\n\r\n<p>&nbsp;</p>\r\n\r\n<p><img alt="" height="200" src="/media/images/lessons/2024/11/22/party.jpg" width="400" /></p>\r\n\r\n<p class="spanish">La fiesta es <strong>el</strong> viernes.</p>\r\n\r\n<p class="english">The party is on Friday.</p>\r\n\r\n<p class="english">&nbsp;</p>\r\n\r\n<p class="tip"><strong>KEY PHRASES - Talk about your life</strong></p>\r\n\r\n<p class="tip">&nbsp;</p>\r\n\r\n<p class="spanish">&iquest;Usted estudia franc&eacute;s?</p>\r\n\r\n<p class="english">Do you study French?</p>\r\n\r\n<p class="english">&nbsp;</p>\r\n\r\n<p class="spanish">No, yo no estudio franc&eacute;s.</p>\r\n\r\n<p class="english">No, I do not study French.</p>\r\n\r\n<p class="english">&nbsp;</p>\r\n\r\n<p class="spanish">&iquest;D&oacute;nde trabaja usted?</p>\r\n\r\n<p class="english">Where do you work?</p>\r\n\r\n<p class="english">&nbsp;</p>\r\n\r\n<p class="spanish">Yo trabajo en una f&aacute;brica.</p>\r\n\r\n<p class="english">I work in a factory.</p>\r\n\r\n<p class="english">&nbsp;</p>\r\n\r\n<p class="spanish">&iquest;D&oacute;nde vives?</p>\r\n\r\n<p class="english">Where do you live?</p>\r\n\r\n<p class="english">&nbsp;</p>\r\n\r\n<p class="spanish">Yo vivo en Inglaterra.</p>\r\n\r\n<p class="english">I live in England.</p>\r\n\r\n<p class="tip">&nbsp;</p>\r\n\r\n<h4>Spanish sounds</h4>\r\n\r\n<p>&nbsp;</p>\r\n\r\n<p>There&#39;s a difference between <strong>n</strong> and <strong>&ntilde;</strong>! A Spanish <strong>n</strong> is pronounced the same as the letter <strong>n</strong> in English.</p>\r\n\r\n<p><strong>n</strong>ecesito, ba<strong>n</strong>a<strong>n</strong>a - As in <strong>n</strong>est.</p>\r\n\r\n<p>&nbsp;</p>\r\n\r\n<p>But <strong>&ntilde;</strong> is a little tricky! It almost sounds like <strong>ny</strong> in &ldquo;ca<strong>ny</strong>on&rdquo;.</p>\r\n\r\n<p>&nbsp;</p>\r\n\r\n<p>ma<strong>&ntilde;</strong>ana, cumplea<strong>&ntilde;</strong>os - As in ca<strong>ny</strong>on.</p>\r\n\r\n<p><img alt="" height="200" src="/media/images/lessons/2024/11/22/canyon.jpg" width="400" /></p>		2024-11-22 21:43:53.895084+00	2024-12-02 12:38:25.928671+00	1	talk-about-schedules
4	Discuss others' lives	<p class="spanish">Bruno, &iquest;eres camarero?</p>\r\n\r\n<p class="english">Bruno, are you a waiter?</p>\r\n\r\n<p class="english">&nbsp;</p>\r\n\r\n<p class="spanish">No, Carmen es camarera.</p>\r\n\r\n<p class="english">No, Carmen is a waitress.</p>\r\n\r\n<p class="english">&nbsp;</p>\r\n\r\n<p class="spanish">El maestro es mexicano.</p>\r\n\r\n<p class="english">The teacher is Mexican.</p>\r\n\r\n<p class="english">&nbsp;</p>\r\n\r\n<p class="spanish">La maestra es cubana.</p>\r\n\r\n<p class="english">The teacher is Cuban.</p>\r\n\r\n<p class="english">&nbsp;</p>\r\n\r\n<p class="spanish">Jos&eacute;, &iquest;tu hermano es m&eacute;dico?</p>\r\n\r\n<p class="english">Jose, is your brother a doctor?</p>\r\n\r\n<p class="english">&nbsp;</p>\r\n\r\n<p class="spanish">No, mi hermana es m&eacute;dica.</p>\r\n\r\n<p class="english">No, my sister is a doctor.</p>\r\n\r\n<p class="tip">&nbsp;</p>\r\n\r\n<h4>&iexcl;Yo soy estudiante!</h4>\r\n\r\n<p>&nbsp;</p>\r\n\r\n<p>In English, we say <strong>I am a teacher</strong>, but in Spanish, you don&#39;t need to use <strong>a</strong> when talking about occupations.</p>\r\n\r\n<p>&nbsp;</p>\r\n\r\n<p><img alt="" height="200" src="/media/images/lessons/2024/11/22/doctor.jpg" width="400" /></p>\r\n\r\n<p class="spanish">Mi hermana es m&eacute;dica.</p>\r\n\r\n<p class="english">My sister is a doctor.</p>\r\n\r\n<p class="english">&nbsp;</p>\r\n\r\n<p><img alt="" height="200" src="/media/images/lessons/2024/11/22/professor.jpg" width="400" /></p>\r\n\r\n<p class="spanish">Mi amigo es profesor.</p>\r\n\r\n<p class="english">My friend is a professor.</p>\r\n\r\n<p class="english">&nbsp;</p>\r\n\r\n<p class="tip"><strong>KEY PHRASES - Talk about college</strong></p>\r\n\r\n<p class="tip">&nbsp;</p>\r\n\r\n<p class="spanish">Ella estudia espa&ntilde;ol en la universidad.</p>\r\n\r\n<p class="english">She studies Spanish at the university.</p>\r\n\r\n<p class="english">&nbsp;</p>\r\n\r\n<p class="spanish">&iquest;La universidad tiene tres bibliotecas?</p>\r\n\r\n<p class="english">Does the university have three libraries?</p>\r\n\r\n<p class="english">&nbsp;</p>\r\n\r\n<p class="spanish">Ana, &iquest;la biblioteca tiene computadoras?</p>\r\n\r\n<p class="english">Ana, does the library have computers?</p>\r\n\r\n<p class="english">&nbsp;</p>\r\n\r\n<p class="spanish">S&iacute;, la biblioteca tiene dos computadoras.</p>\r\n\r\n<p class="english">Yes, the library has two computers.</p>\r\n\r\n<p class="english">&nbsp;</p>\r\n\r\n<p class="spanish">Eduardo, &iquest;necesitas este libro?</p>\r\n\r\n<p class="english">Eduardo, do you need this book?</p>\r\n\r\n<p class="english">&nbsp;</p>\r\n\r\n<p class="spanish">Mi clase tiene siete estudiantes.</p>\r\n\r\n<p class="english">My class has seven students.</p>\r\n\r\n<p class="tip">&nbsp;</p>\r\n\r\n<h4><strong>Este vs. esta</strong></h4>\r\n\r\n<p>&nbsp;</p>\r\n\r\n<p>In Spanish, the word for <strong>this</strong> changes depending on the gender of the noun it goes with.</p>\r\n\r\n<p><img alt="" height="200" src="/media/images/lessons/2024/11/22/book.jpg" width="400" /></p>\r\n\r\n<p class="spanish"><strong>Este</strong> libr<strong>o</strong> es divertido.</p>\r\n\r\n<p class="english">This book is fun.</p>\r\n\r\n<p class="english">&nbsp;</p>\r\n\r\n<p><img alt="" height="200" src="/media/images/lessons/2024/11/22/library.jpg" width="400" /></p>\r\n\r\n<p class="spanish">Yo trabajo en <strong>esta</strong> bibliotec<strong>a</strong>.</p>\r\n\r\n<p class="english">I work in this library.</p>		2024-11-22 22:13:04.643201+00	2024-12-02 12:40:38.489939+00	1	discuss-others-lives
5	Let's talk about Agreement	<p>Words describing a noun should agree, or match, in their gender.</p>\r\n\r\n<p>&nbsp;</p>\r\n\r\n<p class="spanish"><strong>un</strong> ni&ntilde;<strong>o</strong> mexican<strong>o</strong></p>\r\n\r\n<p class="spanish"><strong>el</strong> ni&ntilde;<strong>o</strong> american<strong>o</strong></p>\r\n\r\n<p>&nbsp;</p>\r\n\r\n<p class="spanish"><strong>una</strong> ni&ntilde;<strong>a</strong> mexican<strong>a</strong></p>\r\n\r\n<p class="spanish"><strong>la</strong> ni&ntilde;<strong>a</strong> american<strong>a</strong></p>\r\n\r\n<p class="spanish">&nbsp;</p>\r\n\r\n<p class="tip"><strong>KEY PHRASES - Describe your family</strong></p>\r\n\r\n<p class="tip">&nbsp;</p>\r\n\r\n<p class="spanish">Yo tengo una familia peque&ntilde;a.</p>\r\n\r\n<p class="english">I have a small family.</p>\r\n\r\n<p class="english">&nbsp;</p>\r\n\r\n<p class="spanish">Mi esposa se llama Amanda.</p>\r\n\r\n<p class="english">My wife&#39;s name is Amanda.</p>\r\n\r\n<p class="english">&nbsp;</p>\r\n\r\n<p class="spanish">&iquest;Tienes hijos?</p>\r\n\r\n<p class="english">Do you have children?</p>\r\n\r\n<p class="english">&nbsp;</p>\r\n\r\n<p class="spanish">S&iacute;, mi hijo se llama Alberto.</p>\r\n\r\n<p class="english">Yes, my son&#39;s name is Alberto.</p>\r\n\r\n<p class="english">&nbsp;</p>\r\n\r\n<p class="spanish">Mi hija Camila tiene cinco a&ntilde;os.</p>\r\n\r\n<p class="english">My daughter Camila is five years old.</p>\r\n\r\n<p class="tip">&nbsp;</p>\r\n\r\n<p><strong>AGE</strong></p>\r\n\r\n<p>In English, we say <strong>I am sixteen years old</strong>. But in Spanish, you&#39;d say <strong>I have sixteen years.</strong></p>\r\n\r\n<p><img alt="" height="200" src="/media/images/lessons/2024/11/22/baby.jpg" width="400" /></p>\r\n\r\n<p class="spanish">El beb&eacute; <strong>tiene</strong> un a&ntilde;o</p>\r\n\r\n<p class="english">The baby is one year old.</p>\r\n\r\n<p class="english">&nbsp;</p>\r\n\r\n<p><img alt="" height="200" src="/media/images/lessons/2024/11/22/boy.jpg" width="400" /></p>\r\n\r\n<p class="spanish">Yo <strong>tengo</strong> ocho a&ntilde;os.</p>\r\n\r\n<p class="english">I am eight years old.</p>		2024-11-22 22:36:02.040552+00	2024-11-29 19:48:25.53857+00	1	lets-talk-about-agreement
6	Talk about office work	<p class="spanish">Ana trabaja con los secretarios.</p>\r\n\r\n<p class="english">Ana works with the secretaries.</p>\r\n\r\n<p class="english">&nbsp;</p>\r\n\r\n<p class="spanish">&Eacute;l trabaja mucho los lunes.</p>\r\n\r\n<p class="english">He works a lot on Mondays.</p>\r\n\r\n<p class="english">&nbsp;</p>\r\n\r\n<p class="spanish">Ella escribe un mensaje para el jefe.</p>\r\n\r\n<p class="english">She is writing a message for the boss.</p>\r\n\r\n<p class="english">&nbsp;</p>\r\n\r\n<p class="spanish">El jefe lee los mensajes ahora.</p>\r\n\r\n<p class="english">The boss is reading the messages now.</p>\r\n\r\n<p class="english">&nbsp;</p>\r\n\r\n<p class="spanish">Este mensaje es para la jefa.</p>\r\n\r\n<p class="english">This message is for the boss.</p>\r\n\r\n<p class="tip">&nbsp;</p>\r\n\r\n<p><strong>Los and las</strong></p>\r\n\r\n<p>When referring to more than one person or thing, <strong>el</strong> becomes <strong>los</strong>.</p>\r\n\r\n<p><img alt="" height="200" src="/media/images/lessons/2024/11/22/pen.jpg" width="400" /></p>\r\n\r\n<p class="spanish">el bol&iacute;grafo</p>\r\n\r\n<p class="english">the pen</p>\r\n\r\n<p class="english">&nbsp;</p>\r\n\r\n<p><img alt="" height="200" src="/media/images/lessons/2024/11/22/pens.jpg" width="400" /></p>\r\n\r\n<p class="spanish"><strong>los</strong> bol&iacute;grafo<strong>s</strong></p>\r\n\r\n<p class="english">the pens</p>\r\n\r\n<p class="english">&nbsp;</p>\r\n\r\n<p>And <strong>la</strong> becomes <strong>las</strong>.</p>\r\n\r\n<p><img alt="" height="200" src="/media/images/lessons/2024/11/22/letter.jpg" width="400" /></p>\r\n\r\n<p class="spanish">la carta</p>\r\n\r\n<p class="english">the letter</p>\r\n\r\n<p class="english">&nbsp;</p>\r\n\r\n<p class="english">&nbsp;</p>\r\n\r\n<p class="english"><img alt="" height="200" src="/media/images/lessons/2024/11/22/letters.jpg" width="400" /></p>\r\n\r\n<p class="spanish"><strong>las</strong> carta<strong>s</strong>.</p>\r\n\r\n<p class="english">the letters</p>\r\n\r\n<p class="tip">&nbsp;</p>\r\n\r\n<p><strong>What&#39;s the deal with su?</strong></p>\r\n\r\n<p>&nbsp;</p>\r\n\r\n<p><strong>Su</strong> can mean a few different things! Context will help you understand which meaning is intended!</p>\r\n\r\n<p><img alt="" height="200" src="/media/images/lessons/2024/11/22/money.jpg" width="400" /></p>\r\n\r\n<p class="spanish"><strong>su</strong> dinero</p>\r\n\r\n<p class="english"><strong>her</strong> money</p>\r\n\r\n<p class="english">&nbsp;</p>\r\n\r\n<p><img alt="" height="200" src="/media/images/lessons/2024/11/22/business.jpg" width="400" /></p>\r\n\r\n<p class="spanish"><strong>su</strong> negocio</p>\r\n\r\n<p class="english"><strong>their</strong> business</p>\r\n\r\n<p class="english">&nbsp;</p>\r\n\r\n<p><img alt="" height="200" src="/media/images/lessons/2024/11/22/man-sell-coffee.jpg" width="400" /></p>\r\n\r\n<p class="spanish">&iexcl;<strong>Su</strong> caf&eacute;, se&ntilde;or!</p>\r\n\r\n<p class="english"><strong>Your</strong> coffee, sir!</p>\r\n\r\n<p class="english">&nbsp;</p>\r\n\r\n<p class="tip"><strong>KEY PHRASES - Describe emotions</strong></p>\r\n\r\n<p class="tip">&nbsp;</p>\r\n\r\n<p class="spanish">Hola pap&aacute;, &iquest;c&oacute;mo est&aacute;s?</p>\r\n\r\n<p class="english">Hi dad, how are you?</p>\r\n\r\n<p class="english">&nbsp;</p>\r\n\r\n<p class="spanish">Estoy cansado y quiero dormir.</p>\r\n\r\n<p class="english">I&#39;m tired and I want to sleep.</p>\r\n\r\n<p class="english">&nbsp;</p>\r\n\r\n<p class="spanish">Estoy muy preocupado hoy.</p>\r\n\r\n<p class="english">I am very worried today.</p>\r\n\r\n<p class="english">&nbsp;</p>\r\n\r\n<p class="spanish">&iexcl;Yo tambi&eacute;n!</p>\r\n\r\n<p class="english">Me too!</p>\r\n\r\n<p class="english">&nbsp;</p>\r\n\r\n<p class="spanish">&iquest;C&oacute;mo te sientes hoy?</p>\r\n\r\n<p class="english">How do you feel today?</p>\r\n\r\n<p class="english">&nbsp;</p>\r\n\r\n<p class="spanish">Yo no me siento muy bien hoy.</p>\r\n\r\n<p class="english">I don&#39;t feel very well today.</p>\r\n\r\n<p class="english">&nbsp;</p>\r\n\r\n<p><strong>&iexcl;Me siento enfermo!</strong></p>\r\n\r\n<p>Some Spanish verbs like <strong>me llamo</strong> and <strong>te sientes</strong> always need an extra little word before them.</p>\r\n\r\n<p>&nbsp;</p>\r\n\r\n<p><img alt="" height="200" src="/media/images/lessons/2024/11/22/my-name-is-julia.jpg" width="400" /></p>\r\n\r\n<p class="spanish"><strong>Me</strong> llamo Julia.</p>\r\n\r\n<p class="english">My name is Julia.</p>\r\n\r\n<p class="english">&nbsp;</p>\r\n\r\n<p><img alt="" height="200" src="/media/images/lessons/2024/11/22/how-do-you-feel.jpg" width="400" /></p>\r\n\r\n<p class="spanish">&iquest;C&oacute;mo <strong>te</strong> sientes?</p>\r\n\r\n<p class="english">How do you feel?</p>\r\n\r\n<p class="english">&nbsp;</p>\r\n\r\n<p><img alt="" height="200" src="/media/images/lessons/2024/11/22/boy-and-man.jpg" width="400" /></p>\r\n\r\n<p class="spanish">&iquest;Se&ntilde;or, c&oacute;mo <strong>se</strong> llama usted?</p>\r\n\r\n<p class="english">Sir, what is your name?</p>		2024-11-22 22:46:19.357301+00	2024-11-29 19:48:25.53996+00	1	talk-about-office-work
7	Say where people are from	<p class="tip">Nosotros no somos de M&eacute;xico.</p>\r\n\r\n<p class="english">We are not from Mexico.</p>\r\n\r\n<p class="english">&nbsp;</p>\r\n\r\n<p class="spanish">Nosotras no hablamos portugu&eacute;s.</p>\r\n\r\n<p class="english">We don&#39;t speak Portuguese.</p>\r\n\r\n<p class="english">&nbsp;</p>\r\n\r\n<p class="spanish">&iquest;Los hombres son de Francia?</p>\r\n\r\n<p class="english">Are the men from France?</p>\r\n\r\n<p class="english">&nbsp;</p>\r\n\r\n<p class="spanish">Las mujeres son de los Estados Unidos.</p>\r\n\r\n<p class="english">The women are from the United States.</p>\r\n\r\n<p class="english">&nbsp;</p>\r\n\r\n<p class="spanish">Nosotros somos de la ciudad.</p>\r\n\r\n<p class="english">We are from the city.</p>\r\n\r\n<p class="english">&nbsp;</p>\r\n\r\n<p class="spanish">&iquest;Ellos son los hombres de Nueva York?</p>\r\n\r\n<p class="english">Are they the men from New York?</p>\r\n\r\n<p class="tip">&nbsp;</p>\r\n\r\n<p><strong>Nosotras hablamos espa&ntilde;ol</strong></p>\r\n\r\n<p>Remember that verbs change depending on the person. They also change when there is more than one person!</p>\r\n\r\n<table>\r\n\t<tbody>\r\n\t\t<tr>\r\n\t\t\t<th>Subject</th>\r\n\t\t\t<th>Verb (hablar)</th>\r\n\t\t</tr>\r\n\t\t<tr>\r\n\t\t\t<td>yo - I</td>\r\n\t\t\t<td>habl<span><strong>o</strong></span> - talk / speak</td>\r\n\t\t</tr>\r\n\t\t<tr>\r\n\t\t\t<td>t&uacute; - you</td>\r\n\t\t\t<td>habl<span><strong>as</strong></span> - talk / speak</td>\r\n\t\t</tr>\r\n\t\t<tr>\r\n\t\t\t<td>&eacute;l / ella / usted - he / she / you</td>\r\n\t\t\t<td>habl<span><strong>a</strong></span> - talks / speaks, talk / speak</td>\r\n\t\t</tr>\r\n\t\t<tr>\r\n\t\t\t<td>nosotros / nosotras - we</td>\r\n\t\t\t<td>habl<span><strong>amos</strong></span> - talk / speak</td>\r\n\t\t</tr>\r\n\t\t<tr>\r\n\t\t\t<td>ellos / ellas / ustedes - they / you all</td>\r\n\t\t\t<td>habl<span><strong>an</strong></span> - talk / speak</td>\r\n\t\t</tr>\r\n\t</tbody>\r\n</table>\r\n\r\n<p class="tip">&nbsp;</p>\r\n\r\n<p><strong>To be or not to be? </strong></p>\r\n\r\n<p>The verb <strong>ser</strong> is very special! It has its own forms and it doesn&#39;t follow the regular patterns.</p>\r\n\r\n<table>\r\n\t<tbody>\r\n\t\t<tr>\r\n\t\t\t<th>Subject</th>\r\n\t\t\t<th>Verb (ser)</th>\r\n\t\t</tr>\r\n\t\t<tr>\r\n\t\t\t<td>yo - I</td>\r\n\t\t\t<td>soy - am</td>\r\n\t\t</tr>\r\n\t\t<tr>\r\n\t\t\t<td>t&uacute; - you</td>\r\n\t\t\t<td>eres - are</td>\r\n\t\t</tr>\r\n\t\t<tr>\r\n\t\t\t<td>&eacute;l / ella / usted - he / she / you</td>\r\n\t\t\t<td>es - is / are</td>\r\n\t\t</tr>\r\n\t\t<tr>\r\n\t\t\t<td>nosotros / nosotras - we</td>\r\n\t\t\t<td>somos - are</td>\r\n\t\t</tr>\r\n\t\t<tr>\r\n\t\t\t<td>ellos / ellas / ustedes - they / you all</td>\r\n\t\t\t<td>son - are</td>\r\n\t\t</tr>\r\n\t</tbody>\r\n</table>\r\n\r\n<p>&nbsp;</p>\r\n\r\n<p>&nbsp;</p>\r\n\r\n<p class="tip"><strong>KEY PHRASES - Describe clothing</strong></p>\r\n\r\n<p class="tip">&nbsp;</p>\r\n\r\n<p class="spanish">Yo estoy contento con mis zapatos nuevos.</p>\r\n\r\n<p class="english">I am happy with my new shoes.</p>\r\n\r\n<p class="english">&nbsp;</p>\r\n\r\n<p class="spanish">&iquest;T&uacute; tienes un vestido rojo?</p>\r\n\r\n<p class="english">Do you have a red dress?</p>\r\n\r\n<p class="english">&nbsp;</p>\r\n\r\n<p class="spanish">&iquest;Qui&eacute;n usa pantalones verdes?</p>\r\n\r\n<p class="english">Who wears green pants?</p>\r\n\r\n<p class="english">&nbsp;</p>\r\n\r\n<p class="spanish">Sonia, t&uacute; tienes unas carteras bonitas.</p>\r\n\r\n<p class="english">Sonia, you have some pretty purses.</p>\r\n\r\n<p class="english">&nbsp;</p>\r\n\r\n<p class="spanish">Juan necesita muchas camisetas verdes.</p>\r\n\r\n<p class="english">Juan needs a lot of green t-shirts.</p>\r\n\r\n<p class="tip">&nbsp;</p>\r\n\r\n<p><strong>Zapatos verdes</strong></p>\r\n\r\n<p>Add <span><strong>-s</strong></span> to <strong>both</strong> the adjective <strong>and</strong> the noun if a word is plural!</p>\r\n\r\n<p><img alt="" height="200" src="/media/images/lessons/2024/11/23/shoe.jpg" width="400" /></p>\r\n\r\n<p class="spanish">el zapato verde</p>\r\n\r\n<p class="english">the green shoe</p>\r\n\r\n<p class="english">&nbsp;</p>\r\n\r\n<p><img alt="" height="200" src="/media/images/lessons/2024/11/23/green-shoes.jpg" width="400" /></p>\r\n\r\n<p class="spanish"><strong>los</strong> zapato<strong>s</strong> verde<strong>s</strong></p>\r\n\r\n<p class="english">the green shoes</p>\r\n\r\n<p class="tip">&nbsp;</p>\r\n\r\n<p><strong>Mi vs. mis</strong></p>\r\n\r\n<p>In English, we say <strong>my shirt</strong> and <strong>my shirts</strong>. But in Spanish, if there is more than one shirt, you would add <span><strong>‑s</strong></span> also to words like <strong>my, your</strong> and <strong>her</strong>.</p>\r\n\r\n<p><img alt="" height="200" src="/media/images/lessons/2024/11/23/t-shirt.jpg" width="400" /></p>\r\n\r\n<p class="spanish">mi / tu / su + camisa</p>\r\n\r\n<p class="english">my / your / his / her + shirt</p>\r\n\r\n<p class="english">&nbsp;</p>\r\n\r\n<p><img alt="" height="200" src="/media/images/lessons/2024/11/23/t-shirts.jpg" width="400" /></p>\r\n\r\n<p class="spanish">mi<span><strong>s</strong></span> / tu<span><strong>s</strong></span> / su<span><strong>s</strong></span> + camisa<span><strong>s</strong></span></p>\r\n\r\n<p class="english">my / your + shirts</p>		2024-11-23 14:31:46.325027+00	2024-11-29 19:48:25.541264+00	1	say-where-people-are-from
8	Ask for directions	<p class="spanish">Perd&oacute;n, &iquest;d&oacute;nde est&aacute; la estaci&oacute;n de tren?</p>\r\n\r\n<p class="english">Excuse me, where is the train station?</p>\r\n\r\n<p class="english">&nbsp;</p>\r\n\r\n<p class="spanish">La estaci&oacute;n est&aacute; cerca del hotel.</p>\r\n\r\n<p class="english">The station is close to the hotel.</p>\r\n\r\n<p class="english">&nbsp;</p>\r\n\r\n<p class="spanish">El hotel est&aacute; lejos de la parada del autob&uacute;s.</p>\r\n\r\n<p class="english">The hotel is far from the bus stop.</p>\r\n\r\n<p class="english">&nbsp;</p>\r\n\r\n<p class="spanish">Nosotros estamos al lado del caf&eacute;.</p>\r\n\r\n<p class="english">We are next to the caf&eacute;.</p>\r\n\r\n<p class="english">&nbsp;</p>\r\n\r\n<p class="spanish">&iquest;El hotel est&aacute; a la derecha o a la izquierda?</p>\r\n\r\n<p class="english">Is the hotel to the right or to the left?</p>\r\n\r\n<p class="english">&nbsp;</p>\r\n\r\n<p class="spanish">A la derecha.</p>\r\n\r\n<p class="english">To the right.</p>\r\n\r\n<p class="tip">&nbsp;</p>\r\n\r\n<p><strong>&iquest;D&oacute;nde est&aacute;s?</strong></p>\r\n\r\n<p>You already saw how <strong>estar</strong> can be used to describe temporary conditions. You can also use <strong>estar</strong> to talk about the location of places, objects, or people.</p>\r\n\r\n<p>&nbsp;</p>\r\n\r\n<p><img alt="" height="200" src="/media/images/lessons/2024/11/23/in-the-park.jpg" width="400" /></p>\r\n\r\n<p class="spanish">Nosotras estamos en el parque.</p>\r\n\r\n<p class="english">We are in the park.</p>\r\n\r\n<p class="english">&nbsp;</p>\r\n\r\n<p class="english">&nbsp;</p>\r\n\r\n<p class="english"><img alt="" height="200" src="/media/images/lessons/2024/11/23/hospital.jpg" width="400" /></p>\r\n\r\n<p class="spanish">El hospital est&aacute; en la ciudad.</p>\r\n\r\n<p class="english">The hospital is in the city.</p>\r\n\r\n<p class="english">&nbsp;</p>\r\n\r\n<p><strong>Al and del</strong></p>\r\n\r\n<p>In Spanish, you never say <strong>de el</strong>. Instead, these words are combined together into <span><strong>del</strong></span>.</p>\r\n\r\n<p>&nbsp;</p>\r\n\r\n<p><img alt="" height="200" src="/media/images/lessons/2024/11/23/coffee-shop.jpg" width="400" /></p>\r\n\r\n<p class="spanish">Estamos cerca <strong>del</strong> caf&eacute; ahora.</p>\r\n\r\n<p class="english">We are close to the cafe now.</p>\r\n\r\n<p class="english">&nbsp;</p>\r\n\r\n<p>Similarly, <strong>a</strong> and <strong>el</strong> are always combined together into <span><strong>al</strong></span>.</p>\r\n\r\n<p>&nbsp;</p>\r\n\r\n<p><img alt="" height="200" src="/media/images/lessons/2024/11/23/airport.jpg" width="400" /></p>\r\n\r\n<p class="spanish">Quiero ir <strong>al</strong> aeropuerto en la ma&ntilde;ana.</p>\r\n\r\n<p class="english">I want to go to the airport in the morning.</p>\r\n\r\n<p class="english">&nbsp;</p>\r\n\r\n<p>But <strong>de</strong> and <strong>a</strong> don&#39;t combine with <strong>la</strong>, <strong>los</strong>, or <strong>las</strong>.</p>\r\n\r\n<p>&nbsp;</p>\r\n\r\n<p class="spanish">Estamos cerca de la calle.</p>\r\n\r\n<p class="english">We are close to the street.</p>\r\n\r\n<p class="english">&nbsp;</p>\r\n\r\n<p class="spanish">&iquest;Por qu&eacute; no quieres ir a los parques?</p>\r\n\r\n<p class="english">Why don&#39;t you want to go to the parks?</p>\r\n\r\n<p class="english">&nbsp;</p>\r\n\r\n<p class="tip"><strong>KEY PHRASES - Talk about free time</strong></p>\r\n\r\n<p class="tip">&nbsp;</p>\r\n\r\n<p class="spanish">Nosotras queremos unas vacaciones.</p>\r\n\r\n<p class="english">We want a vacation.</p>\r\n\r\n<p class="english">&nbsp;</p>\r\n\r\n<p class="spanish">Renato y yo queremos caminar en la playa.</p>\r\n\r\n<p class="english">Renato and I want to walk on the beach.</p>\r\n\r\n<p class="english">&nbsp;</p>\r\n\r\n<p class="spanish">Yo quiero caminar con mi perro.</p>\r\n\r\n<p class="english">I want to walk with my dog.</p>\r\n\r\n<p class="english">&nbsp;</p>\r\n\r\n<p class="spanish">Nosotros siempre leemos en las vacaciones.</p>\r\n\r\n<p class="english">We always read on vacation.</p>\r\n\r\n<p class="english">&nbsp;</p>\r\n\r\n<p class="spanish">Ellos comen con amigos los fines de semana.</p>\r\n\r\n<p class="english">They eat with friends on the weekends.</p>\r\n\r\n<p class="english">&nbsp;</p>\r\n\r\n<p class="spanish">&iexcl;Qu&eacute; bueno!</p>\r\n\r\n<p class="english">How good!</p>\r\n\r\n<p class="tip">&nbsp;</p>\r\n\r\n<p><strong>Stem-changing verbs</strong></p>\r\n\r\n<p>In some Spanish verbs, the middle vowel changes. For example, we say <strong>qu<span>e</span>rer</strong>, but <strong>yo qu<span>ie</span>ro</strong> and <strong>&eacute;l qu<span>ie</span>re</strong></p>\r\n\r\n<p>&nbsp;</p>\r\n\r\n<p>These are the so-called <strong>e-to-ie</strong> verbs. But watch out! The <strong>e</strong> doesn&#39;t change in the <strong>nosotros / nosotras</strong> form.</p>\r\n\r\n<p>&nbsp;</p>\r\n\r\n<table>\r\n\t<tbody>\r\n\t\t<tr>\r\n\t\t\t<th>Subject</th>\r\n\t\t\t<th>Verb (querer)</th>\r\n\t\t</tr>\r\n\t\t<tr>\r\n\t\t\t<td>yo - I</td>\r\n\t\t\t<td><strong>qu<span>ie</span>ro</strong> - want</td>\r\n\t\t</tr>\r\n\t\t<tr>\r\n\t\t\t<td>t&uacute; - you</td>\r\n\t\t\t<td><strong>qu<span>ie</span>res</strong> - want</td>\r\n\t\t</tr>\r\n\t\t<tr>\r\n\t\t\t<td>&eacute;l / ella / usted - he / she / you</td>\r\n\t\t\t<td><strong>qu<span>ie</span>re</strong> - wants / want</td>\r\n\t\t</tr>\r\n\t\t<tr>\r\n\t\t\t<td>nosotros / nosotras - we</td>\r\n\t\t\t<td><strong>queremos</strong> - want</td>\r\n\t\t</tr>\r\n\t\t<tr>\r\n\t\t\t<td>ellos / ellas / ustedes - they / you all</td>\r\n\t\t\t<td><strong>qu<span>ie</span>ren</strong> - want</td>\r\n\t\t</tr>\r\n\t</tbody>\r\n</table>		2024-11-23 14:45:48.957018+00	2024-11-29 19:48:25.542853+00	1	ask-for-directions
10	Express preferences	<p class="spanish">Me encanta la m&uacute;sica de Enrique.</p>\r\n\r\n<p class="english">I love Enrique&#39;s music.</p>\r\n\r\n<p class="english">&nbsp;</p>\r\n\r\n<p class="spanish">Carmen, &iquest;te gusta nadar?</p>\r\n\r\n<p class="english">Carmen, do you like to swim?</p>\r\n\r\n<p class="english">&nbsp;</p>\r\n\r\n<p class="spanish">No, no me gusta nadar.</p>\r\n\r\n<p class="english">No, I do not like to swim.</p>\r\n\r\n<p class="english">&nbsp;</p>\r\n\r\n<p class="spanish">&iquest;Te gusta jugar al f&uacute;tbol?</p>\r\n\r\n<p class="english">Do you like to play soccer?</p>\r\n\r\n<p class="english">&nbsp;</p>\r\n\r\n<p class="spanish">Me gusta la bicicleta de Mateo.</p>\r\n\r\n<p class="english">I like Mateo&#39;s bicycle.</p>\r\n\r\n<p class="tip">&nbsp;</p>\r\n\r\n<p><strong>Me gusta el espa&ntilde;ol!</strong></p>\r\n\r\n<p>In English, we say <strong>I like chocolate</strong>, but in Spanish you&#39;d say something more like <strong>To me chocolate is pleasing</strong>.</p>\r\n\r\n<p>&nbsp;</p>\r\n\r\n<p><img alt="" height="200" src="/media/images/lessons/2024/11/23/chocolate.jpg" width="400" /></p>\r\n\r\n<p class="spanish">Me gusta el chocolate.</p>\r\n\r\n<p class="english">I like chocolate.</p>\r\n\r\n<p class="english">&nbsp;</p>\r\n\r\n<p><img alt="" height="200" src="/media/images/lessons/2024/11/23/swimming-pool.jpg" width="400" /></p>\r\n\r\n<p class="spanish">&iquest;Te gusta nadar en la piscina?</p>\r\n\r\n<p class="english">Do you like swimming in the pool?</p>\r\n\r\n<p class="tip">&nbsp;</p>\r\n\r\n<p><strong>La bicicleta de Matthew</strong></p>\r\n\r\n<p>In English, we say <strong>Matthew<span>&#39;s</span></strong> bicycle to show that the bicycle belongs to Matthew. But in Spanish, you&#39;d say <strong>la bicicleta <span>de</span> Matthew</strong>, which literally means <strong>the bicycle of Matthew</strong>.</p>\r\n\r\n<p>&nbsp;</p>\r\n\r\n<p><img alt="" height="200" src="/media/images/lessons/2024/11/23/bicycle.jpg" width="400" /></p>\r\n\r\n<p class="spanish">La bicicleta <strong><span>de</span></strong> Matthew es roja.</p>\r\n\r\n<p class="english">Matthew&#39;s bicycle is red.</p>\r\n\r\n<p class="english">&nbsp;</p>\r\n\r\n<p class="english"><img alt="" height="200" src="/media/images/lessons/2024/11/23/red-dress.jpg" width="400" /></p>\r\n\r\n<p class="spanish">El vestido <strong><span>de</span></strong> Sandra es muy elegante.</p>\r\n\r\n<p class="english">Sandra&#39;s dress is very elegant.</p>\r\n\r\n<p class="english">&nbsp;</p>\r\n\r\n<p class="tip"><strong>KEY PHRASES - Describe your routine</strong></p>\r\n\r\n<p class="tip">&nbsp;</p>\r\n\r\n<p class="spanish">&iquest;A qu&eacute; hora te levantas?</p>\r\n\r\n<p class="english">What time do you get up?</p>\r\n\r\n<p class="english">&nbsp;</p>\r\n\r\n<p class="spanish">Los domingos me levanto a las doce.</p>\r\n\r\n<p class="english">On Sundays I get up at noon.</p>\r\n\r\n<p class="english">&nbsp;</p>\r\n\r\n<p class="spanish">&iquest;Tienes que trabajar los s&aacute;bados?</p>\r\n\r\n<p class="english">Do you have to work on Saturdays?</p>\r\n\r\n<p class="english">&nbsp;</p>\r\n\r\n<p class="spanish">S&iacute;, a menudo tengo que trabajar los s&aacute;bados.</p>\r\n\r\n<p class="english">Yes, I often have to work on Saturdays.</p>\r\n\r\n<p class="english">&nbsp;</p>\r\n\r\n<p class="spanish">Yo nunca estudio los domingos.</p>\r\n\r\n<p class="english">I never study on Sundays.</p>\r\n\r\n<p class="english">&nbsp;</p>\r\n\r\n<p class="spanish">Yo estudio espa&ntilde;ol todos los d&iacute;as.</p>\r\n\r\n<p class="english">I study Spanish every day.</p>\r\n\r\n<p class="tip">&nbsp;</p>\r\n\r\n<p><strong>Special verbs</strong></p>\r\n\r\n<p>Some common verbs, like <span>ir</span> don&#39;t follow the regular patterns we&#39;ve seen.</p>\r\n\r\n<p>&nbsp;</p>\r\n\r\n<table>\r\n\t<tbody>\r\n\t\t<tr>\r\n\t\t\t<th>Subject</th>\r\n\t\t\t<th>Verb (ir)</th>\r\n\t\t</tr>\r\n\t\t<tr>\r\n\t\t\t<td>yo - I</td>\r\n\t\t\t<td><span>voy</span> - go</td>\r\n\t\t</tr>\r\n\t\t<tr>\r\n\t\t\t<td>t&uacute; - you</td>\r\n\t\t\t<td><span>vas</span> - go</td>\r\n\t\t</tr>\r\n\t\t<tr>\r\n\t\t\t<td>&eacute;l / ella / usted - he / she / you</td>\r\n\t\t\t<td><span>va</span> - goes / go</td>\r\n\t\t</tr>\r\n\t\t<tr>\r\n\t\t\t<td>nosotros / nosotras - we</td>\r\n\t\t\t<td><span>vamos</span> - go</td>\r\n\t\t</tr>\r\n\t\t<tr>\r\n\t\t\t<td>ellos / ellas / ustedes - they / you all</td>\r\n\t\t\t<td><span>van</span> - go</td>\r\n\t\t</tr>\r\n\t</tbody>\r\n</table>		2024-11-23 15:19:44.450498+00	2024-11-29 19:48:25.54457+00	1	express-preferences
11	Describe your home	<p class="spanish">Estas salas son muy modernas y bonitas.</p>\r\n\r\n<p class="english">These living rooms are very modern and pretty.</p>\r\n\r\n<p class="english">&nbsp;</p>\r\n\r\n<p class="spanish">Las habitaciones son grandes.</p>\r\n\r\n<p class="english">The bedrooms are big.</p>\r\n\r\n<p class="english">&nbsp;</p>\r\n\r\n<p class="spanish">Hay dos estanter&iacute;as en mi dormitorio.</p>\r\n\r\n<p class="english">There are two bookcases in my bedroom.</p>\r\n\r\n<p class="english">&nbsp;</p>\r\n\r\n<p class="spanish">Esos ba&ntilde;os no son modernos.</p>\r\n\r\n<p class="english">Those bathrooms are not modern.</p>\r\n\r\n<p class="english">&nbsp;</p>\r\n\r\n<p class="spanish">No hay sillas en la cocina.</p>\r\n\r\n<p class="english">There are no chairs in the kitchen.</p>\r\n\r\n<p class="tip">&nbsp;</p>\r\n\r\n<p><strong>Ese vs. esa</strong></p>\r\n\r\n<p>In Spanish, the word for <strong>that</strong> changes depending on the gender of the noun it goes with.</p>\r\n\r\n<p>&nbsp;</p>\r\n\r\n<p><img alt="" height="200" src="/media/images/lessons/2024/11/23/bedroom.jpg" width="400" /></p>\r\n\r\n<p class="spanish">es<strong><span>e</span></strong> dormitori<strong><span>o</span></strong></p>\r\n\r\n<p class="english">that bedroom</p>\r\n\r\n<p class="english">&nbsp;</p>\r\n\r\n<p><img alt="" height="200" src="/media/images/lessons/2024/11/23/fridge.jpg" width="400" /></p>\r\n\r\n<p class="spanish">es<strong><span>a</span></strong> never<strong><span>a</span></strong></p>\r\n\r\n<p class="english">that fridge</p>\r\n\r\n<p class="english">&nbsp;</p>\r\n\r\n<p>The word for <strong>those</strong> changes depending on gender as well.</p>\r\n\r\n<p>&nbsp;</p>\r\n\r\n<p><img alt="" height="200" src="/media/images/lessons/2024/11/23/bathrooms.jpg" width="400" /></p>\r\n\r\n<p class="spanish">eso<strong><span>os</span></strong> ba&ntilde;<strong><span>os</span></strong></p>\r\n\r\n<p class="english">those bathrooms</p>\r\n\r\n<p class="english">&nbsp;</p>\r\n\r\n<p><img alt="" height="200" src="/media/images/lessons/2024/11/23/four-t-shirts.jpg" width="400" /></p>\r\n\r\n<p class="spanish">esa<strong><span>as</span></strong> camis<strong><span>as</span></strong></p>\r\n\r\n<p class="english">those shirts</p>\r\n\r\n<p class="tip">&nbsp;</p>\r\n\r\n<p>Nouns ending in <strong><span>-o</span></strong> are usually masculine, and nouns ending in <strong><span>-a</span></strong> are usually feminine.</p>\r\n\r\n<p>&nbsp;</p>\r\n\r\n<p>But what about words that end in consonants? Luckily, most of them are still predictable!</p>\r\n\r\n<p>&nbsp;</p>\r\n\r\n<table>\r\n\t<thead>\r\n\t\t<tr>\r\n\t\t\t<th>masculine</th>\r\n\t\t\t<th>feminine</th>\r\n\t\t</tr>\r\n\t</thead>\r\n\t<tbody>\r\n\t\t<tr>\r\n\t\t\t<td><strong><span>el</span></strong> hospita<strong><span>l</span></strong></td>\r\n\t\t\t<td><strong><span>la</span></strong> pare<strong><span>d</span></strong></td>\r\n\t\t</tr>\r\n\t\t<tr>\r\n\t\t\t<td><strong><span>el</span></strong> tenedo<strong><span>r</span></strong></td>\r\n\t\t\t<td><strong><span>la</span></strong> habita<strong><span>ci&oacute;n</span></strong></td>\r\n\t\t</tr>\r\n\t\t<tr>\r\n\t\t\t<td>&nbsp;</td>\r\n\t\t\t<td><strong><span>la</span></strong> televi<strong><span>si&oacute;n</span></strong></td>\r\n\t\t</tr>\r\n\t\t<tr>\r\n\t\t\t<td>&nbsp;</td>\r\n\t\t\t<td><strong><span>la</span></strong> cost<strong><span>umbre</span></strong></td>\r\n\t\t</tr>\r\n\t\t<tr>\r\n\t\t\t<td>&nbsp;</td>\r\n\t\t\t<td><strong><span>la</span></strong> lu<strong><span>z</span></strong></td>\r\n\t\t</tr>\r\n\t</tbody>\r\n</table>\r\n\r\n<p>&nbsp;</p>\r\n\r\n<p>&nbsp;</p>\r\n\r\n<p>However, languages and days of the week are always masculine, no matter what letter they end with.</p>\r\n\r\n<p>&nbsp;</p>\r\n\r\n<p class="spanish"><strong><span>el</span></strong> espa&ntilde;ol</p>\r\n\r\n<p class="english">Spanish</p>\r\n\r\n<p class="english">&nbsp;</p>\r\n\r\n<p class="spanish"><strong><span>el</span></strong> ingl&eacute;s</p>\r\n\r\n<p class="english">English</p>\r\n\r\n<p class="english">&nbsp;</p>\r\n\r\n<p class="spanish"><strong><span>el</span></strong> lunes</p>\r\n\r\n<p class="english">Monday</p>\r\n\r\n<p class="english">&nbsp;</p>\r\n\r\n<p class="spanish"><strong><span>el</span></strong> s&aacute;bado</p>\r\n\r\n<p class="english">Saturday</p>\r\n\r\n<p class="english">&nbsp;</p>\r\n\r\n<p class="tip"><strong>KEY PHRASES - Order at a restaurant</strong></p>\r\n\r\n<p class="tip">&nbsp;</p>\r\n\r\n<p class="spanish">&iquest;Puede traer el men&uacute;, por favor?</p>\r\n\r\n<p class="english">Can you bring the menu, please?</p>\r\n\r\n<p class="english">&nbsp;</p>\r\n\r\n<p class="spanish">&iquest;Qu&eacute; bebidas quieren ustedes?</p>\r\n\r\n<p class="english">What drinks do you want?</p>\r\n\r\n<p class="english">&nbsp;</p>\r\n\r\n<p class="spanish">Dos cervezas, por favor.</p>\r\n\r\n<p class="english">Two beers, please.</p>\r\n\r\n<p class="english">&nbsp;</p>\r\n\r\n<p class="spanish">Quisiera pollo con ensalada.</p>\r\n\r\n<p class="english">I would like chicken with salad.</p>\r\n\r\n<p class="english">&nbsp;</p>\r\n\r\n<p class="spanish">&iquest;Quieren comer postre?</p>\r\n\r\n<p class="english">Do you want to eat dessert?</p>\r\n\r\n<p class="english">&nbsp;</p>\r\n\r\n<p class="spanish">Quisiera el pastel de chocolate.</p>\r\n\r\n<p class="english">I would like the chocolate cake.</p>\r\n\r\n<p class="tip">&nbsp;</p>\r\n\r\n<p><strong>Quisiera</strong></p>\r\n\r\n<p>A polite way to ask for something in Spanish is <strong><span>quisiera</span></strong></p>\r\n\r\n<p>&nbsp;</p>\r\n\r\n<p><img alt="" height="200" src="/media/images/lessons/2024/11/22/man-sell-coffee.jpg" width="400" /></p>\r\n\r\n<p class="spanish"><strong><span>Quisiera</span></strong> un caf&eacute; sin az&uacute;car.</p>\r\n\r\n<p class="english">I would like a coffee without sugar.</p>\r\n\r\n<p class="english">&nbsp;</p>\r\n\r\n<p><img alt="" height="200" src="/media/images/lessons/2024/11/23/another-wine.jpg" width="400" /></p>\r\n\r\n<p class="spanish"><strong><span>Quisiera</span></strong> otra bebida, por favor.</p>\r\n\r\n<p class="english">I would like another drink, please.</p>		2024-11-23 15:39:13.667267+00	2024-11-29 19:48:25.546301+00	1	describe-your-home
12	Dictionary - Useful words for beginners	<table>\r\n\t<thead>\r\n\t\t<tr>\r\n\t\t\t<th class="spanish">SPANISH</th>\r\n\t\t\t<th class="english-middle english">ENGLISH</th>\r\n\t\t</tr>\r\n\t</thead>\r\n\t<tbody>\r\n\t\t<tr>\r\n\t\t\t<td class="middle">Hola</td>\r\n\t\t\t<td class="english-middle">Hello</td>\r\n\t\t</tr>\r\n\t\t<tr>\r\n\t\t\t<td class="middle">Gracias</td>\r\n\t\t\t<td class="english-middle">Thank you</td>\r\n\t\t</tr>\r\n\t\t<tr>\r\n\t\t\t<td class="middle">Por favor</td>\r\n\t\t\t<td class="english-middle">Please</td>\r\n\t\t</tr>\r\n\t\t<tr>\r\n\t\t\t<td class="middle">S&iacute;</td>\r\n\t\t\t<td class="english-middle">Yes</td>\r\n\t\t</tr>\r\n\t\t<tr>\r\n\t\t\t<td class="middle">No</td>\r\n\t\t\t<td class="english-middle">No</td>\r\n\t\t</tr>\r\n\t\t<tr>\r\n\t\t\t<td class="middle">Adi&oacute;s</td>\r\n\t\t\t<td class="english-middle">Goodbye</td>\r\n\t\t</tr>\r\n\t\t<tr>\r\n\t\t\t<td class="middle">&iquest;C&oacute;mo est&aacute;s?</td>\r\n\t\t\t<td class="english-middle">How are you?</td>\r\n\t\t</tr>\r\n\t\t<tr>\r\n\t\t\t<td class="middle">&iquest;Cu&aacute;nto cuesta?</td>\r\n\t\t\t<td class="english-middle">How much does it cost?</td>\r\n\t\t</tr>\r\n\t\t<tr>\r\n\t\t\t<td class="middle">&iquest;D&oacute;nde est&aacute;?</td>\r\n\t\t\t<td class="english-middle">Where is it?</td>\r\n\t\t</tr>\r\n\t\t<tr>\r\n\t\t\t<td class="middle">Me llamo</td>\r\n\t\t\t<td class="english-middle">My name is</td>\r\n\t\t</tr>\r\n\t\t<tr>\r\n\t\t\t<td class="middle">&iquest;Qu&eacute; tal?</td>\r\n\t\t\t<td class="english-middle">How&#39;s it going?</td>\r\n\t\t</tr>\r\n\t\t<tr>\r\n\t\t\t<td class="middle">Bien</td>\r\n\t\t\t<td class="english-middle">Fine/Well</td>\r\n\t\t</tr>\r\n\t\t<tr>\r\n\t\t\t<td class="middle">Lo siento</td>\r\n\t\t\t<td class="english-middle">I&#39;m sorry</td>\r\n\t\t</tr>\r\n\t\t<tr>\r\n\t\t\t<td class="middle">Ayuda</td>\r\n\t\t\t<td class="english-middle">Help</td>\r\n\t\t</tr>\r\n\t\t<tr>\r\n\t\t\t<td class="middle">Buenos d&iacute;as</td>\r\n\t\t\t<td class="english-middle">Good morning</td>\r\n\t\t</tr>\r\n\t\t<tr>\r\n\t\t\t<td class="middle">Buenas tardes</td>\r\n\t\t\t<td class="english-middle">Good afternoon/evening</td>\r\n\t\t</tr>\r\n\t\t<tr>\r\n\t\t\t<td class="middle">Buenas noches</td>\r\n\t\t\t<td class="english-middle">Good night</td>\r\n\t\t</tr>\r\n\t\t<tr>\r\n\t\t\t<td class="middle">&iquest;C&oacute;mo te llamas?</td>\r\n\t\t\t<td class="english-middle">What&#39;s your name?</td>\r\n\t\t</tr>\r\n\t\t<tr>\r\n\t\t\t<td class="middle">Comida</td>\r\n\t\t\t<td class="english-middle">Food</td>\r\n\t\t</tr>\r\n\t\t<tr>\r\n\t\t\t<td class="middle">Agua</td>\r\n\t\t\t<td class="english-middle">Water</td>\r\n\t\t</tr>\r\n\t\t<tr>\r\n\t\t\t<td class="middle">Amigo</td>\r\n\t\t\t<td class="english-middle">Friend</td>\r\n\t\t</tr>\r\n\t\t<tr>\r\n\t\t\t<td class="middle">Casa</td>\r\n\t\t\t<td class="english-middle">House</td>\r\n\t\t</tr>\r\n\t\t<tr>\r\n\t\t\t<td class="middle">Familia</td>\r\n\t\t\t<td class="english-middle">Family</td>\r\n\t\t</tr>\r\n\t\t<tr>\r\n\t\t\t<td class="middle">Escuela</td>\r\n\t\t\t<td class="english-middle">School</td>\r\n\t\t</tr>\r\n\t\t<tr>\r\n\t\t\t<td class="middle">Trabajo</td>\r\n\t\t\t<td class="english-middle">Work</td>\r\n\t\t</tr>\r\n\t\t<tr>\r\n\t\t\t<td class="middle">D&iacute;a</td>\r\n\t\t\t<td class="english-middle">Day</td>\r\n\t\t</tr>\r\n\t\t<tr>\r\n\t\t\t<td class="middle">Noche</td>\r\n\t\t\t<td class="english-middle">Night</td>\r\n\t\t</tr>\r\n\t\t<tr>\r\n\t\t\t<td class="middle">Perro</td>\r\n\t\t\t<td class="english-middle">Dog</td>\r\n\t\t</tr>\r\n\t\t<tr>\r\n\t\t\t<td class="middle">Gato</td>\r\n\t\t\t<td class="english-middle">Cat</td>\r\n\t\t</tr>\r\n\t\t<tr>\r\n\t\t\t<td class="middle">Libro</td>\r\n\t\t\t<td class="english-middle">Book</td>\r\n\t\t</tr>\r\n\t\t<tr>\r\n\t\t\t<td class="middle">Mesa</td>\r\n\t\t\t<td class="english-middle">Table</td>\r\n\t\t</tr>\r\n\t\t<tr>\r\n\t\t\t<td class="middle">Silla</td>\r\n\t\t\t<td class="english-middle">Chair</td>\r\n\t\t</tr>\r\n\t\t<tr>\r\n\t\t\t<td class="middle">Coche</td>\r\n\t\t\t<td class="english-middle">Car</td>\r\n\t\t</tr>\r\n\t\t<tr>\r\n\t\t\t<td class="middle">Ropa</td>\r\n\t\t\t<td class="english-middle">Clothes</td>\r\n\t\t</tr>\r\n\t\t<tr>\r\n\t\t\t<td class="middle">Zapatos</td>\r\n\t\t\t<td class="english-middle">Shoes</td>\r\n\t\t</tr>\r\n\t\t<tr>\r\n\t\t\t<td class="middle">Ni&ntilde;o</td>\r\n\t\t\t<td class="english-middle">Child</td>\r\n\t\t</tr>\r\n\t\t<tr>\r\n\t\t\t<td class="middle">Mujer</td>\r\n\t\t\t<td class="english-middle">Woman</td>\r\n\t\t</tr>\r\n\t\t<tr>\r\n\t\t\t<td class="middle">Hombre</td>\r\n\t\t\t<td class="english-middle">Man</td>\r\n\t\t</tr>\r\n\t\t<tr>\r\n\t\t\t<td class="middle">Amor</td>\r\n\t\t\t<td class="english-middle">Love</td>\r\n\t\t</tr>\r\n\t\t<tr>\r\n\t\t\t<td class="middle">Sol</td>\r\n\t\t\t<td class="english-middle">Sun</td>\r\n\t\t</tr>\r\n\t\t<tr>\r\n\t\t\t<td class="middle">Luna</td>\r\n\t\t\t<td class="english-middle">Moon</td>\r\n\t\t</tr>\r\n\t\t<tr>\r\n\t\t\t<td class="middle">Viento</td>\r\n\t\t\t<td class="english-middle">Wind</td>\r\n\t\t</tr>\r\n\t\t<tr>\r\n\t\t\t<td class="middle">Playa</td>\r\n\t\t\t<td class="english-middle">Beach</td>\r\n\t\t</tr>\r\n\t\t<tr>\r\n\t\t\t<td class="middle">Monta&ntilde;a</td>\r\n\t\t\t<td class="english-middle">Mountain</td>\r\n\t\t</tr>\r\n\t</tbody>\r\n</table>		2024-11-23 15:53:32.223961+00	2024-11-29 19:48:25.548014+00	1	dictionary-useful-words-for-beginners
1	Ask How People Are	<p>&nbsp;</p>\r\n\r\n<p>Hola, &iquest;c&oacute;mo est&aacute;s?</p>\r\n\r\n<p>&nbsp;</p>\r\n\r\n<p>Hi, how are you doing?</p>\r\n\r\n<p>&nbsp;</p>\r\n\r\n<p>Bien, gracias.</p>\r\n\r\n<p>Good, thanks.</p>\r\n\r\n<p>&nbsp;</p>\r\n\r\n<p>Buenas tardes, se&ntilde;ora.</p>\r\n\r\n<p>Good afternoon, ma&#39;am.</p>\r\n\r\n<p>&nbsp;</p>\r\n\r\n<p>Buenas tardes, &iquest;c&oacute;mo est&aacute; usted?</p>\r\n\r\n<p>Good evening, how are you?</p>\r\n\r\n<p>&nbsp;</p>\r\n\r\n<p>&iexcl;Hasta ma&ntilde;ana, se&ntilde;or P&eacute;rez!</p>\r\n\r\n<p>See you tomorrow, Mr. P&eacute;rez!</p>\r\n\r\n<p>&nbsp;</p>\r\n\r\n<p>&iexcl;Adi&oacute;s, hasta ma&ntilde;ana!</p>\r\n\r\n<p>Bye, see you tomorrow!</p>\r\n\r\n<p>&nbsp;</p>\r\n\r\n<h4>T&uacute; vs. usted</h4>\r\n\r\n<p>&nbsp;</p>\r\n\r\n<p><strong>T&uacute;</strong> and <strong>usted</strong> both mean you. So what&#39;s the difference?</p>\r\n\r\n<p><strong>T&uacute;</strong> is used in friendly conversations.</p>\r\n\r\n<p><img alt="" height="200" src="/media/images/lessons/2024/11/22/conversation.jpg" width="400" /></p>\r\n\r\n<p>Juan, &iquest;c&oacute;mo est&aacute;<strong>s</strong> <strong>t&uacute;</strong>?</p>\r\n\r\n<p>Juan, how are you?</p>\r\n\r\n<p>&nbsp;</p>\r\n\r\n<p>Meanwhile, <strong>usted</strong> is used in more formal interactions.</p>\r\n\r\n<p><img alt="" height="200" src="/media/images/lessons/2024/11/22/mother-and-daughter.jpg" width="400" /></p>\r\n\r\n<p>&nbsp;</p>\r\n\r\n<p>Hola, se&ntilde;ora. &iquest;C&oacute;mo est&aacute; usted?</p>\r\n\r\n<p>&nbsp;</p>\r\n\r\n<p>Hello, ma&#39;am. How are you?</p>		2024-11-22 15:54:55.198632+00	2024-12-02 12:34:37.959092+00	1	ask-how-people-are
15	Modo Subjuntivo	<p>The <strong>Subjunctive Mood (Modo Subjuntivo)</strong> in Spanish is used to express uncertainty, wishes, emotions, hypothetical situations, or actions that have not yet occurred. Unlike the indicative mood, which states facts or truths, the subjunctive expresses subjective or non-concrete ideas.</p>\r\n\r\n<h4>&nbsp;</h4>\r\n\r\n<h4>When to Use the Subjunctive</h4>\r\n\r\n<p>&nbsp;</p>\r\n\r\n<p>The subjunctive is commonly used in the following situations:</p>\r\n\r\n<ul>\r\n\t<li><strong>Wishes or Desires:</strong> When expressing something you want or hope for.\r\n\r\n\t<div><strong>Example:</strong> &quot;Espero que t&uacute; <em>vengas</em> ma&ntilde;ana.&quot; (I hope you come tomorrow.)</div>\r\n\t</li>\r\n</ul>\r\n\r\n<div>&nbsp;</div>\r\n\r\n<ul>\r\n\t<li><strong>Emotions:</strong> When expressing feelings or emotions about something.\r\n\r\n\t<div><strong>Example:</strong> &quot;Me alegra que ellos <em>est&eacute;n</em> aqu&iacute;.&quot; (I&#39;m glad they are here.)</div>\r\n\t</li>\r\n</ul>\r\n\r\n<div>&nbsp;</div>\r\n\r\n<ul>\r\n\t<li><strong>Uncertainty or Doubt:</strong> When there is doubt or lack of certainty.\r\n\r\n\t<div><strong>Example:</strong> &quot;No creo que &eacute;l <em>sepa</em> la respuesta.&quot; (I don&#39;t think he knows the answer.)</div>\r\n\t</li>\r\n</ul>\r\n\r\n<div>&nbsp;</div>\r\n\r\n<ul>\r\n\t<li><strong>Hypothetical Situations:</strong> When describing hypothetical or uncertain outcomes.\r\n\r\n\t<div><strong>Example:</strong> &quot;Si yo <em>fuera</em> t&uacute;, hablar&iacute;a con ella.&quot; (If I were you, I would talk to her.)</div>\r\n\t</li>\r\n</ul>\r\n\r\n<div>&nbsp;</div>\r\n\r\n<ul>\r\n\t<li><strong>Pending Actions:</strong> When talking about actions that have not yet happened.\r\n\r\n\t<div><strong>Example:</strong> &quot;Te llamar&eacute; cuando <em>llegues</em>.&quot; (I will call you when you arrive.)</div>\r\n\t</li>\r\n</ul>\r\n\r\n<h4>&nbsp;</h4>\r\n\r\n<h4>How to Form the Subjunctive</h4>\r\n\r\n<p>&nbsp;</p>\r\n\r\n<p>The subjunctive mood is formed by modifying the endings of the present tense verbs. Here&#39;s how:</p>\r\n\r\n<ol>\r\n\t<li>Start with the <strong>yo form</strong> of the present indicative.</li>\r\n\t<li>Drop the <strong>-o</strong> ending.</li>\r\n\t<li>Add the appropriate subjunctive ending.</li>\r\n</ol>\r\n\r\n<h4>&nbsp;</h4>\r\n\r\n<h4>Subjunctive Endings</h4>\r\n\r\n<table>\r\n\t<thead>\r\n\t\t<tr>\r\n\t\t\t<th>Subject</th>\r\n\t\t\t<th>-AR Verbs</th>\r\n\t\t\t<th>-ER / -IR Verbs</th>\r\n\t\t</tr>\r\n\t</thead>\r\n\t<tbody>\r\n\t\t<tr>\r\n\t\t\t<td>Yo</td>\r\n\t\t\t<td>-e</td>\r\n\t\t\t<td>-a</td>\r\n\t\t</tr>\r\n\t\t<tr>\r\n\t\t\t<td>T&uacute;</td>\r\n\t\t\t<td>-es</td>\r\n\t\t\t<td>-as</td>\r\n\t\t</tr>\r\n\t\t<tr>\r\n\t\t\t<td>&Eacute;l/Ella/Usted</td>\r\n\t\t\t<td>-e</td>\r\n\t\t\t<td>-a</td>\r\n\t\t</tr>\r\n\t\t<tr>\r\n\t\t\t<td>Nosotros/as</td>\r\n\t\t\t<td>-emos</td>\r\n\t\t\t<td>-amos</td>\r\n\t\t</tr>\r\n\t\t<tr>\r\n\t\t\t<td>Vosotros/as</td>\r\n\t\t\t<td>-&eacute;is</td>\r\n\t\t\t<td>-&aacute;is</td>\r\n\t\t</tr>\r\n\t\t<tr>\r\n\t\t\t<td>Ellos/Ellas/Ustedes</td>\r\n\t\t\t<td>-en</td>\r\n\t\t\t<td>-an</td>\r\n\t\t</tr>\r\n\t</tbody>\r\n</table>\r\n\r\n<h4>&nbsp;</h4>\r\n\r\n<h4>Irregular Verbs</h4>\r\n\r\n<p>&nbsp;</p>\r\n\r\n<p>Some verbs are irregular in the subjunctive. Here are common examples:</p>\r\n\r\n<p>&nbsp;</p>\r\n\r\n<ul>\r\n\t<li><strong>Ser:</strong> sea, seas, sea, seamos, se&aacute;is, sean</li>\r\n\t<li><strong>Estar:</strong> est&eacute;, est&eacute;s, est&eacute;, estemos, est&eacute;is, est&eacute;n</li>\r\n\t<li><strong>Ir:</strong> vaya, vayas, vaya, vayamos, vay&aacute;is, vayan</li>\r\n\t<li><strong>Saber:</strong> sepa, sepas, sepa, sepamos, sep&aacute;is, sepan</li>\r\n\t<li><strong>Haber:</strong> haya, hayas, haya, hayamos, hay&aacute;is, hayan</li>\r\n</ul>\r\n\r\n<h4>&nbsp;</h4>\r\n\r\n<h4>Practice Exercises</h4>\r\n\r\n<p>&nbsp;</p>\r\n\r\n<p>Fill in the blanks with the correct form of the subjunctive:</p>\r\n\r\n<p>&nbsp;</p>\r\n\r\n<ol>\r\n\t<li>Quiero que t&uacute; (hablar) __________ con &eacute;l.</li>\r\n\t<li>Es importante que nosotros (estudiar) __________ para el examen.</li>\r\n\t<li>Dudo que ellos (saber) __________ la verdad.</li>\r\n\t<li>Espero que Mar&iacute;a (venir) __________ temprano.</li>\r\n</ol>\r\n\r\n<p>&nbsp;</p>\r\n\r\n<div class="see-answers"><input id="toggle-answers" type="checkbox" /> <label class="toggle-label" for="toggle-answers"><strong>Answers</strong></label>\r\n\r\n<ol class="answers-list">\r\n\t<li>hables</li>\r\n\t<li>estudiemos</li>\r\n\t<li>sepan</li>\r\n\t<li>venga</li>\r\n</ol>\r\n</div>\r\n\r\n<h4>&nbsp;</h4>\r\n\r\n<h4>Conclusion</h4>\r\n\r\n<p>&nbsp;</p>\r\n\r\n<p>The subjunctive is a vital part of Spanish grammar that allows you to express uncertainty, emotions, and hypothetical scenarios. Practice regularly to understand its nuances and use it confidently in conversation.</p>		2024-11-29 18:43:32.768589+00	2024-12-02 12:04:44.166723+00	2	modo-subjuntivo
19	Comparación: "LLEVAR" vs "LLEVARSE"	<p>The verbs <strong>&quot;llevar&quot;</strong> and <strong>&quot;llevarse&quot;</strong> are closely related but have different meanings and uses in Spanish. Understanding the distinction between them will help you communicate more effectively.</p>\r\n\r\n<p>&nbsp;</p>\r\n\r\n<h4>1. The Verb &quot;Llevar&quot;</h4>\r\n\r\n<p>&quot;Llevar&quot; is a non-reflexive verb and generally means:</p>\r\n\r\n<p>&nbsp;</p>\r\n\r\n<ul>\r\n\t<li><strong>To carry or transport:</strong> Refers to physically taking something or someone to another place.\r\n\r\n\t<div><strong>Example:</strong> &quot;Yo <em>llevo</em> mi mochila al trabajo.&quot; (I take my backpack to work.)</div>\r\n\t</li>\r\n</ul>\r\n\r\n<div>&nbsp;</div>\r\n\r\n<ul>\r\n\t<li><strong>To wear:</strong> Refers to the clothes or accessories a person is wearing.\r\n\r\n\t<div><strong>Example:</strong> &quot;Hoy <em>llevo</em> un vestido azul.&quot; (Today I&rsquo;m wearing a blue dress.)</div>\r\n\t</li>\r\n</ul>\r\n\r\n<div>&nbsp;</div>\r\n\r\n<ul>\r\n\t<li><strong>To indicate time or progress:</strong> Used to describe how long something has been happening.\r\n\r\n\t<div><strong>Example:</strong> &quot;Ellos <em>llevan</em> dos a&ntilde;os viviendo aqu&iacute;.&quot; (They&rsquo;ve been living here for two years.)</div>\r\n\t</li>\r\n\t<li>\r\n\t<div>&nbsp;</div>\r\n\t</li>\r\n</ul>\r\n\r\n<h4>2. The Verb &quot;Llevarse&quot;</h4>\r\n\r\n<p>&nbsp;</p>\r\n\r\n<p>&quot;Llevarse&quot; is a reflexive form of &quot;llevar&quot; and is used in these contexts:</p>\r\n\r\n<p>&nbsp;</p>\r\n\r\n<ul>\r\n\t<li><strong>To take something away:</strong> Refers to taking something for oneself or removing it.\r\n\r\n\t<div><strong>Example:</strong> &quot;Ella se <em>llev&oacute;</em> todos los libros.&quot; (She took all the books.)</div>\r\n\t</li>\r\n</ul>\r\n\r\n<div>&nbsp;</div>\r\n\r\n<ul>\r\n\t<li><strong>To get along (well or poorly):</strong> Describes the relationship between two or more people.\r\n\r\n\t<div><strong>Example:</strong> &quot;Nos <em>llevamos</em> muy bien.&quot; (We get along very well.)</div>\r\n\t</li>\r\n</ul>\r\n\r\n<div>&nbsp;</div>\r\n\r\n<ul>\r\n\t<li><strong>To keep something:</strong> Refers to claiming or taking possession of something.\r\n\r\n\t<div><strong>Example:</strong> &quot;Me <em>llevo</em> este sombrero.&quot; (I&rsquo;m taking this hat.)</div>\r\n\t</li>\r\n</ul>\r\n\r\n<div>&nbsp;</div>\r\n\r\n<h4>Key Differences</h4>\r\n\r\n<p>&nbsp;</p>\r\n\r\n<p>The main distinction between &quot;llevar&quot; and &quot;llevarse&quot; lies in their reflexive nature and specific meanings:</p>\r\n\r\n<table>\r\n\t<thead>\r\n\t\t<tr>\r\n\t\t\t<th>Aspect</th>\r\n\t\t\t<th>&quot;Llevar&quot;</th>\r\n\t\t\t<th>&quot;Llevarse&quot;</th>\r\n\t\t</tr>\r\n\t</thead>\r\n\t<tbody>\r\n\t\t<tr>\r\n\t\t\t<td>Action</td>\r\n\t\t\t<td>To carry or transport something/someone.</td>\r\n\t\t\t<td>To take something away or for oneself.</td>\r\n\t\t</tr>\r\n\t\t<tr>\r\n\t\t\t<td>Relationships</td>\r\n\t\t\t<td>Not used to describe relationships.</td>\r\n\t\t\t<td>Used to describe how people get along.</td>\r\n\t\t</tr>\r\n\t\t<tr>\r\n\t\t\t<td>Reflexive</td>\r\n\t\t\t<td>Non-reflexive.</td>\r\n\t\t\t<td>Reflexive, always used with reflexive pronouns.</td>\r\n\t\t</tr>\r\n\t</tbody>\r\n</table>\r\n\r\n<h4>&nbsp;</h4>\r\n\r\n<h4>Examples Comparing &quot;Llevar&quot; and &quot;Llevarse&quot;</h4>\r\n\r\n<p>&nbsp;</p>\r\n\r\n<ul>\r\n\t<li><strong>&quot;Llevar&quot;:</strong> &quot;Yo <em>llevo</em> la comida al picnic.&quot; (I take the food to the picnic.)</li>\r\n\t<li><strong>&quot;Llevarse&quot;:</strong> &quot;Ella se <em>llev&oacute;</em> la &uacute;ltima galleta.&quot; (She took the last cookie for herself.)</li>\r\n\t<li><strong>&quot;Llevar&quot;:</strong> &quot;&iquest;Qu&eacute; ropa <em>llevas</em> hoy?&quot; (What clothes are you wearing today?)</li>\r\n\t<li><strong>&quot;Llevarse&quot;:</strong> &quot;Nos <em>llevamos</em> muy bien con los vecinos.&quot; (We get along very well with the neighbors.)</li>\r\n</ul>\r\n\r\n<p>&nbsp;</p>\r\n\r\n<h4>Practice Exercises</h4>\r\n\r\n<p>&nbsp;</p>\r\n\r\n<p>Fill in the blanks with the correct form of &quot;llevar&quot; or &quot;llevarse&quot;:</p>\r\n\r\n<p>&nbsp;</p>\r\n\r\n<ol>\r\n\t<li>Yo siempre (llevar) __________ una botella de agua conmigo.</li>\r\n\t<li>&iquest;Te (llevar) __________ bien con tus compa&ntilde;eros de trabajo?</li>\r\n\t<li>Ella (llevarse) __________ todos los papeles importantes de la reuni&oacute;n.</li>\r\n\t<li>Nosotros (llevar) __________ tres a&ntilde;os en este proyecto.</li>\r\n\t<li>&iquest;Qu&eacute; ropa (llevar) __________ hoy para la fiesta?</li>\r\n</ol>\r\n\r\n<p>&nbsp;</p>\r\n\r\n<div class="see-answers"><input id="toggle-answers" type="checkbox" /> <label class="toggle-label" for="toggle-answers"><strong>Answers</strong></label>\r\n\r\n<ol class="answers-list">\r\n\t<li>llevo</li>\r\n\t<li>llevas</li>\r\n\t<li>se llev&oacute;</li>\r\n\t<li>llevamos</li>\r\n\t<li>llevas</li>\r\n</ol>\r\n\r\n<h4>&nbsp;</h4>\r\n\r\n<h4>Conclusion</h4>\r\n\r\n<p>&nbsp;</p>\r\n\r\n<p>Both &quot;llevar&quot; and &quot;llevarse&quot; are essential verbs in Spanish with distinct meanings and uses. By understanding the contexts in which they are used, you can express yourself more accurately and fluently.</p>\r\n</div>		2024-12-05 11:56:12.75301+00	2024-12-05 12:04:40.748374+00	2	comparacion-llevar-vs-llevarse
14	Pretérito Imperfecto de Indicativo	<p>The <strong>Pret&eacute;rito Imperfecto de Indicativo</strong> is one of the past tenses in Spanish. It is used to describe ongoing or habitual actions in the past, provide background information, or describe things as they were.</p>\r\n\r\n<h4>&nbsp;</h4>\r\n\r\n<h4>Uses of Pret&eacute;rito Imperfecto</h4>\r\n\r\n<p>&nbsp;</p>\r\n\r\n<ul>\r\n\t<li><strong>Habitual Actions:</strong> Actions that happened regularly in the past.\r\n\r\n\t<div class="example">Example: &quot;Cuando era ni&ntilde;o, <em>jugaba</em> en el parque todos los d&iacute;as.&quot; (When I was a child, I used to play in the park every day.)</div>\r\n\t</li>\r\n\t<li><strong>Descriptions:</strong> To describe people, places, or situations in the past.\r\n\t<div class="example">Example: &quot;La casa <em>era</em> grande y <em>ten&iacute;a</em> un jard&iacute;n hermoso.&quot; (The house was big and had a beautiful garden.)</div>\r\n\t</li>\r\n\t<li><strong>Ongoing Actions:</strong> Actions that were happening at a particular time in the past.\r\n\t<div class="example">Example: &quot;Yo <em>le&iacute;a</em> un libro mientras ella <em>escuchaba</em> m&uacute;sica.&quot; (I was reading a book while she was listening to music.)</div>\r\n\t</li>\r\n</ul>\r\n\r\n<h4>&nbsp;</h4>\r\n\r\n<h4>Conjugation of Regular Verbs</h4>\r\n\r\n<p>&nbsp;</p>\r\n\r\n<p>The following table shows the conjugation of regular verbs in the imperfect tense:</p>\r\n\r\n<table>\r\n\t<thead>\r\n\t\t<tr>\r\n\t\t\t<th>Pronoun</th>\r\n\t\t\t<th>-AR Verbs (Hablar)</th>\r\n\t\t\t<th>-ER Verbs (Comer)</th>\r\n\t\t\t<th>-IR Verbs (Vivir)</th>\r\n\t\t</tr>\r\n\t</thead>\r\n\t<tbody>\r\n\t\t<tr>\r\n\t\t\t<td>Yo</td>\r\n\t\t\t<td>hablaba</td>\r\n\t\t\t<td>com&iacute;a</td>\r\n\t\t\t<td>viv&iacute;a</td>\r\n\t\t</tr>\r\n\t\t<tr>\r\n\t\t\t<td>T&uacute;</td>\r\n\t\t\t<td>hablabas</td>\r\n\t\t\t<td>com&iacute;as</td>\r\n\t\t\t<td>viv&iacute;as</td>\r\n\t\t</tr>\r\n\t\t<tr>\r\n\t\t\t<td>&Eacute;l/Ella/Usted</td>\r\n\t\t\t<td>hablaba</td>\r\n\t\t\t<td>com&iacute;a</td>\r\n\t\t\t<td>viv&iacute;a</td>\r\n\t\t</tr>\r\n\t\t<tr>\r\n\t\t\t<td>Nosotros/as</td>\r\n\t\t\t<td>habl&aacute;bamos</td>\r\n\t\t\t<td>com&iacute;amos</td>\r\n\t\t\t<td>viv&iacute;amos</td>\r\n\t\t</tr>\r\n\t\t<tr>\r\n\t\t\t<td>Vosotros/as</td>\r\n\t\t\t<td>hablabais</td>\r\n\t\t\t<td>com&iacute;ais</td>\r\n\t\t\t<td>viv&iacute;ais</td>\r\n\t\t</tr>\r\n\t\t<tr>\r\n\t\t\t<td>Ellos/Ellas/Ustedes</td>\r\n\t\t\t<td>hablaban</td>\r\n\t\t\t<td>com&iacute;an</td>\r\n\t\t\t<td>viv&iacute;an</td>\r\n\t\t</tr>\r\n\t</tbody>\r\n</table>\r\n\r\n<h4>&nbsp;</h4>\r\n\r\n<h4>Irregular Verbs</h4>\r\n\r\n<p>&nbsp;</p>\r\n\r\n<p>There are only three irregular verbs in the imperfect tense:</p>\r\n\r\n<table>\r\n\t<thead>\r\n\t\t<tr>\r\n\t\t\t<th>Pronoun</th>\r\n\t\t\t<th>Ser</th>\r\n\t\t\t<th>Ir</th>\r\n\t\t\t<th>Ver</th>\r\n\t\t</tr>\r\n\t</thead>\r\n\t<tbody>\r\n\t\t<tr>\r\n\t\t\t<td>Yo</td>\r\n\t\t\t<td>era</td>\r\n\t\t\t<td>iba</td>\r\n\t\t\t<td>ve&iacute;a</td>\r\n\t\t</tr>\r\n\t\t<tr>\r\n\t\t\t<td>T&uacute;</td>\r\n\t\t\t<td>eras</td>\r\n\t\t\t<td>ibas</td>\r\n\t\t\t<td>ve&iacute;as</td>\r\n\t\t</tr>\r\n\t\t<tr>\r\n\t\t\t<td>&Eacute;l/Ella/Usted</td>\r\n\t\t\t<td>era</td>\r\n\t\t\t<td>iba</td>\r\n\t\t\t<td>ve&iacute;a</td>\r\n\t\t</tr>\r\n\t\t<tr>\r\n\t\t\t<td>Nosotros/as</td>\r\n\t\t\t<td>&eacute;ramos</td>\r\n\t\t\t<td>&iacute;bamos</td>\r\n\t\t\t<td>ve&iacute;amos</td>\r\n\t\t</tr>\r\n\t\t<tr>\r\n\t\t\t<td>Vosotros/as</td>\r\n\t\t\t<td>erais</td>\r\n\t\t\t<td>ibais</td>\r\n\t\t\t<td>ve&iacute;ais</td>\r\n\t\t</tr>\r\n\t\t<tr>\r\n\t\t\t<td>Ellos/Ellas/Ustedes</td>\r\n\t\t\t<td>eran</td>\r\n\t\t\t<td>iban</td>\r\n\t\t\t<td>ve&iacute;an</td>\r\n\t\t</tr>\r\n\t</tbody>\r\n</table>\r\n\r\n<h4>&nbsp;</h4>\r\n\r\n<h4>Practice Exercises</h4>\r\n\r\n<p>&nbsp;</p>\r\n\r\n<p>Complete the following sentences with the correct form of the verb:</p>\r\n\r\n<p>&nbsp;</p>\r\n\r\n<ol>\r\n\t<li>Cuando yo (ser) __________ ni&ntilde;o, siempre (jugar) __________ al f&uacute;tbol.</li>\r\n\t<li>Nosotros (vivir) __________ en Espa&ntilde;a durante varios a&ntilde;os.</li>\r\n\t<li>Ellos siempre (comer) __________ juntos los domingos.</li>\r\n</ol>\r\n\r\n<p>&nbsp;</p>\r\n\r\n<div class="see-answers"><input id="toggle-answers" type="checkbox" /> <label class="toggle-label" for="toggle-answers"><strong>Answers</strong></label>\r\n\r\n<ol class="answers-list">\r\n\t<li>era, jugaba</li>\r\n\t<li>viv&iacute;amos</li>\r\n\t<li>com&iacute;an</li>\r\n</ol>\r\n</div>\r\n\r\n<h4>&nbsp;</h4>\r\n\r\n<h4>Conclusion</h4>\r\n\r\n<p>&nbsp;</p>\r\n\r\n<p>The <strong>Pret&eacute;rito Imperfecto</strong> is essential for describing past habits, ongoing actions, and providing background details. With practice, you&#39;ll find it easy to incorporate into your Spanish communication!</p>		2024-11-29 18:34:02.323027+00	2024-12-02 11:59:52.922075+00	2	preterito-imperfecto-de-indicativo
16	El verbo "QUEDAR"	<p>The verb <strong>&quot;quedar&quot;</strong> is highly versatile in Spanish and has different meanings depending on the context. It can be used to talk about location, agreements, remaining quantities, appearance, or how something suits someone.</p>\r\n\r\n<p>&nbsp;</p>\r\n\r\n<h4>Meanings of &quot;Quedar&quot;</h4>\r\n\r\n<p>&nbsp;</p>\r\n\r\n<h4>1. To Remain or Be Left</h4>\r\n\r\n<p>&quot;Quedar&quot; is used to express what remains or is left of something.</p>\r\n\r\n<div><strong>Example:</strong> &quot;Solo <em>quedan</em> dos entradas para el concierto.&quot; (Only two tickets are left for the concert.)</div>\r\n\r\n<div>&nbsp;</div>\r\n\r\n<h4>2. To Arrange to Meet</h4>\r\n\r\n<p>&quot;Quedar&quot; is used to talk about making plans or arrangements with someone.</p>\r\n\r\n<div><strong>Example:</strong> &quot;Hemos <em>quedado</em> con Ana a las 7 en el caf&eacute;.&quot; (We arranged to meet Ana at 7 at the caf&eacute;.)</div>\r\n\r\n<div>&nbsp;</div>\r\n\r\n<h4>3. To Fit or Suit</h4>\r\n\r\n<p>&quot;Quedar&quot; is used to describe how clothes fit or look on someone.</p>\r\n\r\n<div><strong>Example:</strong> &quot;Esa camisa te <em>queda</em> muy bien.&quot; (That shirt suits you well.)</div>\r\n\r\n<div>&nbsp;</div>\r\n\r\n<h4>4. To Stay in a Place</h4>\r\n\r\n<p>&quot;Quedar&quot; is used to indicate that someone is staying in a location.</p>\r\n\r\n<div><strong>Example:</strong> &quot;Nos <em>quedamos</em> en casa durante el fin de semana.&quot; (We stayed at home over the weekend.)</div>\r\n\r\n<div>&nbsp;</div>\r\n\r\n<h4>5. To Be Located</h4>\r\n\r\n<p>&quot;Quedar&quot; is used to talk about the location of a place.</p>\r\n\r\n<div><strong>Example:</strong> &quot;&iquest;D&oacute;nde <em>queda</em> el museo?&quot; (Where is the museum located?)</div>\r\n\r\n<h4>&nbsp;</h4>\r\n\r\n<h4>Conjugation of &quot;Quedar&quot; in Present Tense</h4>\r\n\r\n<table>\r\n\t<thead>\r\n\t\t<tr>\r\n\t\t\t<th>Pronoun</th>\r\n\t\t\t<th>Conjugation</th>\r\n\t\t</tr>\r\n\t</thead>\r\n\t<tbody>\r\n\t\t<tr>\r\n\t\t\t<td>Yo</td>\r\n\t\t\t<td>quedo</td>\r\n\t\t</tr>\r\n\t\t<tr>\r\n\t\t\t<td>T&uacute;</td>\r\n\t\t\t<td>quedas</td>\r\n\t\t</tr>\r\n\t\t<tr>\r\n\t\t\t<td>&Eacute;l/Ella/Usted</td>\r\n\t\t\t<td>queda</td>\r\n\t\t</tr>\r\n\t\t<tr>\r\n\t\t\t<td>Nosotros/as</td>\r\n\t\t\t<td>quedamos</td>\r\n\t\t</tr>\r\n\t\t<tr>\r\n\t\t\t<td>Vosotros/as</td>\r\n\t\t\t<td>qued&aacute;is</td>\r\n\t\t</tr>\r\n\t\t<tr>\r\n\t\t\t<td>Ellos/Ellas/Ustedes</td>\r\n\t\t\t<td>quedan</td>\r\n\t\t</tr>\r\n\t</tbody>\r\n</table>\r\n\r\n<h4>&nbsp;</h4>\r\n\r\n<h4>Common Expressions with &quot;Quedar&quot;</h4>\r\n\r\n<p>&nbsp;</p>\r\n\r\n<ul>\r\n\t<li><strong>&quot;Quedarse en casa&quot;:</strong> To stay at home.</li>\r\n\t<li><strong>&quot;Quedar con alguien&quot;:</strong> To meet up with someone.</li>\r\n\t<li><strong>&quot;Quedar bien/mal&quot;:</strong> To look good/bad (usually referring to clothing).</li>\r\n\t<li><strong>&quot;Quedarse sin algo&quot;:</strong> To run out of something.\r\n\t<div><strong>Example:</strong> &quot;Nos hemos <em>quedado</em> sin leche.&quot; (We ran out of milk.)</div>\r\n\t</li>\r\n\t<li><strong>&quot;&iquest;D&oacute;nde queda...?&quot;:</strong> Where is ... located?</li>\r\n</ul>\r\n\r\n<h4>&nbsp;</h4>\r\n\r\n<h4>Practice Exercises</h4>\r\n\r\n<p>&nbsp;</p>\r\n\r\n<p>Fill in the blanks with the correct form of &quot;quedar&quot;:</p>\r\n\r\n<p>&nbsp;</p>\r\n\r\n<ol>\r\n\t<li>Solo (quedar) __________ cinco minutos para terminar la clase.</li>\r\n\t<li>Nosotros (quedar) __________ con Juan para cenar.</li>\r\n\t<li>Esa chaqueta te (quedar) __________ perfecta.</li>\r\n\t<li>&iquest;(Quedar) __________ lejos la estaci&oacute;n de tren?</li>\r\n\t<li>Me (quedar) __________ en casa porque est&aacute; lloviendo.</li>\r\n</ol>\r\n\r\n<p>&nbsp;</p>\r\n\r\n<div class="see-answers"><input id="toggle-answers" type="checkbox" /> <label class="toggle-label" for="toggle-answers"><strong>Answers</strong></label>\r\n\r\n<ol class="answers-list">\r\n\t<li>quedan</li>\r\n\t<li>quedamos</li>\r\n\t<li>queda</li>\r\n\t<li>Queda</li>\r\n\t<li>quedo</li>\r\n</ol>\r\n</div>\r\n\r\n<h4>&nbsp;</h4>\r\n\r\n<h4>Conclusion</h4>\r\n\r\n<p>&nbsp;</p>\r\n\r\n<p>The verb &quot;quedar&quot; is extremely useful in everyday Spanish and can express a variety of meanings based on context. Practice using it in different scenarios to understand its versatility and master its use.</p>		2024-11-29 19:01:42.655588+00	2024-12-02 12:07:35.562158+00	2	el-verbo-quedar
13	Concordancia de los tiempos verbales en Plan pasado.	<p>&nbsp;</p>\r\n\r\n<p>In Spanish, the &quot;concordancia de los tiempos verbales&quot; refers to the agreement of verb tenses between the main clause and the subordinate clause. When talking about the past (plan pasado), specific rules apply to ensure the correct use of tenses.</p>\r\n\r\n<p>&nbsp;</p>\r\n\r\n<h4>Rules for Concordance</h4>\r\n\r\n<p>&nbsp;</p>\r\n\r\n<p>When the main clause is in the past tense (e.g., pret&eacute;rito or imperfecto), the subordinate clause usually takes a verb tense that logically follows the time frame. The following table shows common scenarios:</p>\r\n\r\n<table>\r\n\t<thead>\r\n\t\t<tr>\r\n\t\t\t<th>Main Clause (Past Tense)</th>\r\n\t\t\t<th>Subordinate Clause (Tense)</th>\r\n\t\t\t<th>Example</th>\r\n\t\t</tr>\r\n\t</thead>\r\n\t<tbody>\r\n\t\t<tr>\r\n\t\t\t<td>Preterite (Pret&eacute;rito)</td>\r\n\t\t\t<td>Imperfect Subjunctive (Subjuntivo Imperfecto)</td>\r\n\t\t\t<td>&quot;Ella dijo que estudiara.&quot;</td>\r\n\t\t</tr>\r\n\t\t<tr>\r\n\t\t\t<td>Imperfect (Imperfecto)</td>\r\n\t\t\t<td>Imperfect Subjunctive (Subjuntivo Imperfecto)</td>\r\n\t\t\t<td>&quot;Pensaba que vinieras temprano.&quot;</td>\r\n\t\t</tr>\r\n\t\t<tr>\r\n\t\t\t<td>Pluperfect (Pluscuamperfecto)</td>\r\n\t\t\t<td>Pluperfect Subjunctive (Pluscuamperfecto de Subjuntivo)</td>\r\n\t\t\t<td>&quot;Hab&iacute;a pensado que hubieras llegado antes.&quot;</td>\r\n\t\t</tr>\r\n\t</tbody>\r\n</table>\r\n\r\n<h4>&nbsp;</h4>\r\n\r\n<h4>Common Structures</h4>\r\n\r\n<p>&nbsp;</p>\r\n\r\n<p>Here are the most common structures where concordance of tenses in the past is applied:</p>\r\n\r\n<p>&nbsp;</p>\r\n\r\n<ul>\r\n\t<li><strong>Indirect Speech (Estilo indirecto):</strong> When reporting what someone said in the past.\r\n\r\n\t<div class="example">Example: &quot;&Eacute;l dijo que <em>quer&iacute;a</em> salir temprano.&quot;</div>\r\n\t</li>\r\n</ul>\r\n\r\n<div class="example">&nbsp;</div>\r\n\r\n<ul>\r\n\t<li><strong>Hypothetical Situations (Hip&oacute;tesis):</strong> When imagining or hypothesizing about the past.\r\n\r\n\t<div class="example">Example: &quot;Si <em>hubieras estudiado</em>, habr&iacute;as aprobado.&quot;</div>\r\n\t</li>\r\n</ul>\r\n\r\n<div class="example">&nbsp;</div>\r\n\r\n<ul>\r\n\t<li><strong>Purpose Clauses (Finalidad):</strong> When expressing a purpose or intention in the past.\r\n\r\n\t<div class="example">Example: &quot;Estudi&eacute; para que <em>entendieras</em> mejor.&quot;</div>\r\n\t</li>\r\n</ul>\r\n\r\n<h4>&nbsp;</h4>\r\n\r\n<h4>Practice Exercises</h4>\r\n\r\n<p>&nbsp;</p>\r\n\r\n<p>Complete the sentences below with the correct verb form to ensure proper concordance:</p>\r\n\r\n<ol>\r\n\t<li>&quot;Ella me dijo que (venir) __________ a tiempo.&quot;</li>\r\n\t<li>&quot;Si (saber) __________ antes, habr&iacute;a cambiado mis planes.&quot;</li>\r\n\t<li>&quot;Pensaban que (ser) __________ una buena idea.&quot;</li>\r\n</ol>\r\n\r\n<p>&nbsp;</p>\r\n\r\n<div class="see-answers"><input id="toggle-answers" type="checkbox" /> <label class="toggle-label" for="toggle-answers"><strong>Answers</strong></label>\r\n\r\n<ol class="answers-list">\r\n\t<li>1. viniera</li>\r\n\t<li>2. hubiera sabido</li>\r\n\t<li>3. era</li>\r\n</ol>\r\n</div>\r\n\r\n<p>&nbsp;</p>\r\n\r\n<h4>Conclusion</h4>\r\n\r\n<p>&nbsp;</p>\r\n\r\n<p>Mastering the concordance of verb tenses in the past is essential for clear and accurate communication in Spanish. Practice with different examples and pay attention to how native speakers use these structures.</p>		2024-11-29 08:12:20.761091+00	2024-12-02 11:57:46.541933+00	2	concordancia-de-los-tiempos-verbales-en-plan-pasado
20	Comparación: Pretérito Perfecto de Indicativo vs Pretérito Indefinido	<p>Both <strong>Pret&eacute;rito Perfecto de Indicativo</strong> and <strong>Pret&eacute;rito Indefinido</strong> are used to talk about the past in Spanish, but they are used in different contexts. Understanding their distinctions is key to expressing yourself correctly.</p>\r\n\r\n<p>&nbsp;</p>\r\n\r\n<h4>1. Pret&eacute;rito Perfecto de Indicativo</h4>\r\n\r\n<p>&nbsp;</p>\r\n\r\n<p>This tense is used to talk about actions or events that are connected to the present. It is often translated as &quot;have/has done&quot; in English.</p>\r\n\r\n<p>&nbsp;</p>\r\n\r\n<h4>Form:</h4>\r\n\r\n<p><strong>Haber (present tense) + past participle</strong></p>\r\n\r\n<ul>\r\n\t<li><strong>Yo:</strong> he hablado</li>\r\n\t<li><strong>T&uacute;:</strong> has hablado</li>\r\n\t<li><strong>&Eacute;l/Ella/Usted:</strong> ha hablado</li>\r\n\t<li><strong>Nosotros/as:</strong> hemos hablado</li>\r\n\t<li><strong>Vosotros/as:</strong> hab&eacute;is hablado</li>\r\n\t<li><strong>Ellos/Ellas/Ustedes:</strong> han hablado</li>\r\n</ul>\r\n\r\n<h4>When to Use Pret&eacute;rito Perfecto:</h4>\r\n\r\n<p>&nbsp;</p>\r\n\r\n<ul>\r\n\t<li><strong>Actions connected to the present:</strong> &quot;Hoy he comido una pizza.&quot; (Today I have eaten a pizza.)</li>\r\n\t<li><strong>Life experiences:</strong> &quot;&iquest;Alguna vez has viajado a Espa&ntilde;a?&quot; (Have you ever traveled to Spain?)</li>\r\n\t<li><strong>Recent past:</strong> &quot;Esta semana hemos estudiado mucho.&quot; (This week we have studied a lot.)</li>\r\n</ul>\r\n\r\n<p>&nbsp;</p>\r\n\r\n<h4>2. Pret&eacute;rito Indefinido</h4>\r\n\r\n<p>&nbsp;</p>\r\n\r\n<p>This tense is used to describe completed actions or events in the past with no connection to the present. It is often translated as &quot;did&quot; in English.</p>\r\n\r\n<p>&nbsp;</p>\r\n\r\n<h4>Form:</h4>\r\n\r\n<p><strong>Root + past tense endings</strong></p>\r\n\r\n<ul>\r\n\t<li><strong>-AR verbs:</strong> habl&eacute;, hablaste, habl&oacute;, hablamos, hablasteis, hablaron</li>\r\n\t<li><strong>-ER/-IR verbs:</strong> com&iacute;, comiste, comi&oacute;, comimos, comisteis, comieron</li>\r\n</ul>\r\n\r\n<p>&nbsp;</p>\r\n\r\n<h4>When to Use Pret&eacute;rito Indefinido:</h4>\r\n\r\n<p>&nbsp;</p>\r\n\r\n<ul>\r\n\t<li><strong>Completed actions in the past:</strong> &quot;Ayer com&iacute; una pizza.&quot; (Yesterday I ate a pizza.)</li>\r\n\t<li><strong>Actions with a specific time frame:</strong> &quot;El a&ntilde;o pasado viajamos a M&eacute;xico.&quot; (Last year we traveled to Mexico.)</li>\r\n\t<li><strong>Sequential past actions:</strong> &quot;Llegu&eacute;, vi y venc&iacute;.&quot; (I came, I saw, I conquered.)</li>\r\n</ul>\r\n\r\n<p>&nbsp;</p>\r\n\r\n<h4>Key Differences</h4>\r\n\r\n<table>\r\n\t<thead>\r\n\t\t<tr>\r\n\t\t\t<th>Aspect</th>\r\n\t\t\t<th>Pret&eacute;rito Perfecto</th>\r\n\t\t\t<th>Pret&eacute;rito Indefinido</th>\r\n\t\t</tr>\r\n\t</thead>\r\n\t<tbody>\r\n\t\t<tr>\r\n\t\t\t<td>Time Frame</td>\r\n\t\t\t<td>Actions connected to the present.</td>\r\n\t\t\t<td>Completed actions in the past with no connection to the present.</td>\r\n\t\t</tr>\r\n\t\t<tr>\r\n\t\t\t<td>Keywords</td>\r\n\t\t\t<td>Hoy, esta semana, este a&ntilde;o, alguna vez.</td>\r\n\t\t\t<td>Ayer, anoche, el a&ntilde;o pasado, en 1990.</td>\r\n\t\t</tr>\r\n\t\t<tr>\r\n\t\t\t<td>Examples</td>\r\n\t\t\t<td>&quot;He hablado con ella hoy.&quot;</td>\r\n\t\t\t<td>&quot;Habl&eacute; con ella ayer.&quot;</td>\r\n\t\t</tr>\r\n\t</tbody>\r\n</table>\r\n\r\n<p>&nbsp;</p>\r\n\r\n<p>&nbsp;</p>\r\n\r\n<h4>Examples Comparing Both Tenses</h4>\r\n\r\n<p>&nbsp;</p>\r\n\r\n<ul>\r\n\t<li><strong>Pret&eacute;rito Perfecto:</strong> &quot;Esta ma&ntilde;ana <em>he desayunado</em> temprano.&quot; (This morning I have had breakfast early.)</li>\r\n\t<li><strong>Pret&eacute;rito Indefinido:</strong> &quot;Ayer <em>desayun&eacute;</em> tarde.&quot; (Yesterday I had breakfast late.)</li>\r\n\t<li><strong>Pret&eacute;rito Perfecto:</strong> &quot;&iquest;Alguna vez <em>has visitado</em> Espa&ntilde;a?&quot; (Have you ever visited Spain?)</li>\r\n\t<li><strong>Pret&eacute;rito Indefinido:</strong> &quot;El a&ntilde;o pasado <em>visit&eacute;</em> Espa&ntilde;a.&quot; (Last year I visited Spain.)</li>\r\n</ul>\r\n\r\n<p>&nbsp;</p>\r\n\r\n<h4>Practice Exercises</h4>\r\n\r\n<p>&nbsp;</p>\r\n\r\n<p>Complete the sentences with the correct form of the verb in Pret&eacute;rito Perfecto or Pret&eacute;rito Indefinido:</p>\r\n\r\n<p>&nbsp;</p>\r\n\r\n<ol>\r\n\t<li>(Comer) __________ pizza hoy.</li>\r\n\t<li>(Visitar) __________ Barcelona el a&ntilde;o pasado.</li>\r\n\t<li>Esta semana (hacer) __________ mucho trabajo.</li>\r\n\t<li>(Hablar) __________ con mi jefe ayer.</li>\r\n\t<li>&iquest;Alguna vez (ver) __________ esta pel&iacute;cula?</li>\r\n</ol>\r\n\r\n<div class="see-answers">\r\n<p>&nbsp;</p>\r\n\r\n<div class="see-answers"><input id="toggle-answers" type="checkbox" /> <label class="toggle-label" for="toggle-answers"><strong>Answers</strong></label>\r\n\r\n<ol class="answers-list">\r\n\t<li>He comido</li>\r\n\t<li>Visit&eacute;</li>\r\n\t<li>He hecho</li>\r\n\t<li>Habl&eacute;</li>\r\n\t<li>Has visto</li>\r\n</ol>\r\n\r\n<p>&nbsp;</p>\r\n\r\n<h4>Conclusion</h4>\r\n\r\n<p>&nbsp;</p>\r\n\r\n<p>The difference between Pret&eacute;rito Perfecto and Pret&eacute;rito Indefinido lies in their connection to the present and their focus on time frames. Practice using these tenses in context to gain confidence in their use.</p>\r\n</div>\r\n</div>		2024-12-05 12:08:25.158327+00	2024-12-05 12:12:50.975534+00	2	comparacion-preterito-perfecto-de-indicativo-vs-preterito-indefinido
17	El verbo "QUEDARSE"	<p>The verb <strong>&quot;quedarse&quot;</strong> is a reflexive form of &quot;quedar,&quot; and its meaning changes depending on the context. It is commonly used to express staying in a place, retaining something, or changes in states or conditions.</p>\r\n\r\n<p>&nbsp;</p>\r\n\r\n<h4>Meanings of &quot;Quedarse&quot;</h4>\r\n\r\n<p>&nbsp;</p>\r\n\r\n<h4>1. To Stay in a Place</h4>\r\n\r\n<p>&quot;Quedarse&quot; is used to indicate that someone is staying in a specific location, either temporarily or permanently.</p>\r\n\r\n<div><strong>Example:</strong> &quot;Nos <em>quedamos</em> en un hotel durante las vacaciones.&quot; (We stayed in a hotel during the holidays.)</div>\r\n\r\n<h4>&nbsp;</h4>\r\n\r\n<h4>2. To Keep or Retain</h4>\r\n\r\n<p>&quot;Quedarse&quot; can be used to indicate keeping something for oneself.</p>\r\n\r\n<div><strong>Example:</strong> &quot;Me <em>quedo</em> con este libro.&quot; (I&rsquo;ll keep this book.)</div>\r\n\r\n<h4>&nbsp;</h4>\r\n\r\n<h4>3. To Be Left or Run Out of Something</h4>\r\n\r\n<p>It can also express the idea of being left without something.</p>\r\n\r\n<div><strong>Example:</strong> &quot;Nos <em>quedamos</em> sin gasolina.&quot; (We ran out of gas.)</div>\r\n\r\n<h4>&nbsp;</h4>\r\n\r\n<h4>4. To Express a Change of State</h4>\r\n\r\n<p>&quot;Quedarse&quot; is often used to describe a sudden or lasting change in a person&rsquo;s state or condition.</p>\r\n\r\n<div><strong>Example:</strong> &quot;Ella se <em>qued&oacute;</em> sorprendida con la noticia.&quot; (She was surprised by the news.)</div>\r\n\r\n<h4>&nbsp;</h4>\r\n\r\n<h4>Conjugation of &quot;Quedarse&quot; in Present Tense</h4>\r\n\r\n<table>\r\n\t<thead>\r\n\t\t<tr>\r\n\t\t\t<th>Pronoun</th>\r\n\t\t\t<th>Conjugation</th>\r\n\t\t</tr>\r\n\t</thead>\r\n\t<tbody>\r\n\t\t<tr>\r\n\t\t\t<td>Yo</td>\r\n\t\t\t<td>me quedo</td>\r\n\t\t</tr>\r\n\t\t<tr>\r\n\t\t\t<td>T&uacute;</td>\r\n\t\t\t<td>te quedas</td>\r\n\t\t</tr>\r\n\t\t<tr>\r\n\t\t\t<td>&Eacute;l/Ella/Usted</td>\r\n\t\t\t<td>se queda</td>\r\n\t\t</tr>\r\n\t\t<tr>\r\n\t\t\t<td>Nosotros/as</td>\r\n\t\t\t<td>nos quedamos</td>\r\n\t\t</tr>\r\n\t\t<tr>\r\n\t\t\t<td>Vosotros/as</td>\r\n\t\t\t<td>os qued&aacute;is</td>\r\n\t\t</tr>\r\n\t\t<tr>\r\n\t\t\t<td>Ellos/Ellas/Ustedes</td>\r\n\t\t\t<td>se quedan</td>\r\n\t\t</tr>\r\n\t</tbody>\r\n</table>\r\n\r\n<h4>&nbsp;</h4>\r\n\r\n<h4>Common Expressions with &quot;Quedarse&quot;</h4>\r\n\r\n<p>&nbsp;</p>\r\n\r\n<ul>\r\n\t<li><strong>&quot;Quedarse en casa&quot;:</strong> To stay at home.\r\n\r\n\t<div><strong>Example:</strong> &quot;Hoy me <em>quedo</em> en casa porque est&aacute; lloviendo.&quot; (Today I&rsquo;m staying at home because it&rsquo;s raining.)</div>\r\n\t</li>\r\n</ul>\r\n\r\n<div>&nbsp;</div>\r\n\r\n<ul>\r\n\t<li><strong>&quot;Quedarse sin&quot;:</strong> To run out of something.\r\n\r\n\t<div><strong>Example:</strong> &quot;Nos <em>quedamos</em> sin pan para el desayuno.&quot; (We ran out of bread for breakfast.)</div>\r\n\t</li>\r\n</ul>\r\n\r\n<div>&nbsp;</div>\r\n\r\n<ul>\r\n\t<li><strong>&quot;Quedarse dormido/a&quot;:</strong> To fall asleep.\r\n\r\n\t<div><strong>Example:</strong> &quot;Me <em>qued&eacute;</em> dormido durante la pel&iacute;cula.&quot; (I fell asleep during the movie.)</div>\r\n\t</li>\r\n</ul>\r\n\r\n<div>&nbsp;</div>\r\n\r\n<ul>\r\n\t<li><strong>&quot;Quedarse quieto/a&quot;:</strong> To stay still.\r\n\r\n\t<div><strong>Example:</strong> &quot;Por favor, <em>qu&eacute;date</em> quieto mientras tomo la foto.&quot; (Please stay still while I take the photo.)</div>\r\n\t</li>\r\n</ul>\r\n\r\n<div>&nbsp;</div>\r\n\r\n<ul>\r\n\t<li><strong>&quot;Quedarse con&quot;:</strong> To keep something.\r\n\r\n\t<div><strong>Example:</strong> &quot;&iquest;Te <em>quedas</em> con el regalo?&quot; (Are you keeping the gift?)</div>\r\n\t</li>\r\n</ul>\r\n\r\n<h4>&nbsp;</h4>\r\n\r\n<h4>Practice Exercises</h4>\r\n\r\n<p>&nbsp;</p>\r\n\r\n<p>Complete the sentences with the correct form of &quot;quedarse&quot;:</p>\r\n\r\n<p>&nbsp;</p>\r\n\r\n<ol>\r\n\t<li>Yo me (quedar) __________ en casa todo el d&iacute;a.</li>\r\n\t<li>Nosotros nos (quedar) __________ sin dinero despu&eacute;s del viaje.</li>\r\n\t<li>&iquest;T&uacute; te (quedar) __________ con este libro o lo devuelves?</li>\r\n\t<li>Ella se (quedar) __________ muy sorprendida con el regalo.</li>\r\n\t<li>Por favor, (quedarse) __________ aqu&iacute; hasta que yo vuelva.</li>\r\n</ol>\r\n\r\n<div class="see-answers">\r\n<p>&nbsp;</p>\r\n\r\n<div class="see-answers"><input id="toggle-answers" type="checkbox" /> <label class="toggle-label" for="toggle-answers"><strong>Answers</strong></label>\r\n\r\n<ol class="answers-list">\r\n\t<li>quedo</li>\r\n\t<li>quedamos</li>\r\n\t<li>quedas</li>\r\n\t<li>qued&oacute;</li>\r\n\t<li>qu&eacute;date</li>\r\n</ol>\r\n</div>\r\n\r\n<h4>&nbsp;</h4>\r\n\r\n<h4>Conclusion</h4>\r\n\r\n<p>&nbsp;</p>\r\n\r\n<p>&quot;Quedarse&quot; is a reflexive verb that provides nuanced meanings and is essential for describing staying, keeping, or changing states. Practice it in different contexts to fully grasp its uses and conjugations.</p>\r\n</div>		2024-11-29 23:32:49.615546+00	2024-12-02 12:34:06.736471+00	2	el-verbo-quedarse
18	El verbo "LLEVAR"	<p>The verb <strong>&quot;llevar&quot;</strong> is highly versatile in Spanish and is used in a variety of contexts. It generally means &quot;to carry&quot; or &quot;to take,&quot; but its meaning changes depending on the situation.</p>\r\n\r\n<p>&nbsp;</p>\r\n\r\n<h4>Meanings and Uses of &quot;Llevar&quot;</h4>\r\n\r\n<p>&nbsp;</p>\r\n\r\n<h4>1. To Carry or Transport</h4>\r\n\r\n<p>&quot;Llevar&quot; is used to indicate carrying or transporting something or someone from one place to another.</p>\r\n\r\n<div><strong>Example:</strong> &quot;Siempre <em>llevo</em> una botella de agua en mi mochila.&quot; (I always carry a water bottle in my backpack.)</div>\r\n\r\n<div>&nbsp;</div>\r\n\r\n<h4>2. To Wear (Clothing or Accessories)</h4>\r\n\r\n<p>It is used to describe what someone is wearing.</p>\r\n\r\n<div><strong>Example:</strong> &quot;Hoy <em>llevo</em> una camiseta roja.&quot; (Today I&rsquo;m wearing a red t-shirt.)</div>\r\n\r\n<div>&nbsp;</div>\r\n\r\n<h4>3. To Take (Someone or Something Somewhere)</h4>\r\n\r\n<p>&quot;Llevar&quot; can mean to take someone or something to a specific location.</p>\r\n\r\n<div><strong>Example:</strong> &quot;&iquest;Puedes <em>llevar</em> estos documentos a la oficina?&quot; (Can you take these documents to the office?)</div>\r\n\r\n<div>&nbsp;</div>\r\n\r\n<h4>4. To Indicate Duration or Progress</h4>\r\n\r\n<p>It can be used to describe how long someone has been doing something.</p>\r\n\r\n<div><strong>Example:</strong> &quot;Llevo tres a&ntilde;os aprendiendo espa&ntilde;ol.&quot; (I&rsquo;ve been learning Spanish for three years.)</div>\r\n\r\n<div>&nbsp;</div>\r\n\r\n<h4>5. To Indicate Superiority or Advantage</h4>\r\n\r\n<p>&quot;Llevar&quot; can express that someone is ahead of or superior to another in some way.</p>\r\n\r\n<div><strong>Example:</strong> &quot;Ella me <em>lleva</em> dos puntos en el examen.&quot; (She is two points ahead of me in the exam.)</div>\r\n\r\n<div>&nbsp;</div>\r\n\r\n<h4>6. To Handle or Manage</h4>\r\n\r\n<p>It is used to indicate managing or handling a task or responsibility.</p>\r\n\r\n<div><strong>Example:</strong> &quot;Mi hermana <em>lleva</em> la contabilidad de la empresa.&quot; (My sister manages the company&rsquo;s accounting.)</div>\r\n\r\n<div>&nbsp;</div>\r\n\r\n<h4>Conjugation of &quot;Llevar&quot; in Present Tense</h4>\r\n\r\n<table>\r\n\t<thead>\r\n\t\t<tr>\r\n\t\t\t<th>Pronoun</th>\r\n\t\t\t<th>Conjugation</th>\r\n\t\t</tr>\r\n\t</thead>\r\n\t<tbody>\r\n\t\t<tr>\r\n\t\t\t<td>Yo</td>\r\n\t\t\t<td>llevo</td>\r\n\t\t</tr>\r\n\t\t<tr>\r\n\t\t\t<td>T&uacute;</td>\r\n\t\t\t<td>llevas</td>\r\n\t\t</tr>\r\n\t\t<tr>\r\n\t\t\t<td>&Eacute;l/Ella/Usted</td>\r\n\t\t\t<td>lleva</td>\r\n\t\t</tr>\r\n\t\t<tr>\r\n\t\t\t<td>Nosotros/as</td>\r\n\t\t\t<td>llevamos</td>\r\n\t\t</tr>\r\n\t\t<tr>\r\n\t\t\t<td>Vosotros/as</td>\r\n\t\t\t<td>llev&aacute;is</td>\r\n\t\t</tr>\r\n\t\t<tr>\r\n\t\t\t<td>Ellos/Ellas/Ustedes</td>\r\n\t\t\t<td>llevan</td>\r\n\t\t</tr>\r\n\t</tbody>\r\n</table>\r\n\r\n<h4>&nbsp;</h4>\r\n\r\n<h4>Common Expressions with &quot;Llevar&quot;</h4>\r\n\r\n<p>&nbsp;</p>\r\n\r\n<ul>\r\n\t<li><strong>&quot;Llevar algo puesto&quot;:</strong> To wear something.\r\n\r\n\t<div><strong>Example:</strong> &quot;&iquest;Qu&eacute; ropa <em>llevas</em> hoy?&quot; (What clothes are you wearing today?)</div>\r\n\t</li>\r\n</ul>\r\n\r\n<div>&nbsp;</div>\r\n\r\n<ul>\r\n\t<li><strong>&quot;Llevar tiempo haciendo algo&quot;:</strong> To have been doing something for a certain amount of time.\r\n\r\n\t<div><strong>Example:</strong> &quot;Llevo dos horas esperando.&quot; (I&rsquo;ve been waiting for two hours.)</div>\r\n\t</li>\r\n</ul>\r\n\r\n<div>&nbsp;</div>\r\n\r\n<ul>\r\n\t<li><strong>&quot;Llevar ventaja&quot;:</strong> To have an advantage or lead.\r\n\r\n\t<div><strong>Example:</strong> &quot;Tu equipo <em>lleva</em> tres puntos de ventaja.&quot; (Your team is three points ahead.)</div>\r\n\t</li>\r\n</ul>\r\n\r\n<div>&nbsp;</div>\r\n\r\n<ul>\r\n\t<li><strong>&quot;Llevarse bien/mal&quot;:</strong> To get along well/poorly with someone.\r\n\r\n\t<div><strong>Example:</strong> &quot;Ellos se <em>llevan</em> muy bien.&quot; (They get along very well.)</div>\r\n\t</li>\r\n</ul>\r\n\r\n<h4>&nbsp;</h4>\r\n\r\n<h4>Practice Exercises</h4>\r\n\r\n<p>&nbsp;</p>\r\n\r\n<p>Complete the sentences with the correct form of &quot;llevar&quot;:</p>\r\n\r\n<p>&nbsp;</p>\r\n\r\n<ol>\r\n\t<li>Yo siempre (llevar) __________ una agenda conmigo.</li>\r\n\t<li>Ellos (llevar) __________ tres a&ntilde;os trabajando juntos.</li>\r\n\t<li>Nosotros (llevar) __________ a los ni&ntilde;os al colegio todas las ma&ntilde;anas.</li>\r\n\t<li>&iquest;Qu&eacute; ropa (llevar) __________ t&uacute; para la fiesta?</li>\r\n\t<li>Mi hermano y yo nos (llevar) __________ bien.</li>\r\n</ol>\r\n\r\n<div class="see-answers">\r\n<p>&nbsp;</p>\r\n\r\n<div class="see-answers"><input id="toggle-answers" type="checkbox" /> <label class="toggle-label" for="toggle-answers"><strong>Answers</strong></label>\r\n\r\n<ol class="answers-list">\r\n\t<li>llevo</li>\r\n\t<li>llevan</li>\r\n\t<li>llevamos</li>\r\n\t<li>llevas</li>\r\n\t<li>llevamos</li>\r\n</ol>\r\n\r\n<h4>&nbsp;</h4>\r\n\r\n<h4>Conclusion</h4>\r\n\r\n<p>&nbsp;</p>\r\n\r\n<p>The verb &quot;llevar&quot; is incredibly versatile and essential for daily communication in Spanish. By practicing its various meanings and uses, you can enhance your fluency and expressiveness in Spanish.</p>\r\n</div>\r\n</div>		2024-12-01 12:00:00.194313+00	2024-12-02 12:44:49.779868+00	2	el-verbo-llevar
\.


--
-- Data for Name: lessons_wordoftheday; Type: TABLE DATA; Schema: public; Owner: postgres
--

COPY public.lessons_wordoftheday (id, spanish_word, translation, example_sentence, date) FROM stdin;
3	Beso	Kiss	Dame un beso mi amor.	2024-12-01
9	Amor	Love	Te amo, mi amor	2024-12-07
8	Siempre	Always	Como Siempre estoy muy feliz.	2024-12-06
\.


--
-- Name: accounts_customuser_groups_id_seq; Type: SEQUENCE SET; Schema: public; Owner: postgres
--

SELECT pg_catalog.setval('public.accounts_customuser_groups_id_seq', 5, true);


--
-- Name: accounts_customuser_id_seq; Type: SEQUENCE SET; Schema: public; Owner: postgres
--

SELECT pg_catalog.setval('public.accounts_customuser_id_seq', 44, true);


--
-- Name: accounts_customuser_user_permissions_id_seq; Type: SEQUENCE SET; Schema: public; Owner: postgres
--

SELECT pg_catalog.setval('public.accounts_customuser_user_permissions_id_seq', 1, false);


--
-- Name: auth_group_id_seq; Type: SEQUENCE SET; Schema: public; Owner: postgres
--

SELECT pg_catalog.setval('public.auth_group_id_seq', 4, true);


--
-- Name: auth_group_permissions_id_seq; Type: SEQUENCE SET; Schema: public; Owner: postgres
--

SELECT pg_catalog.setval('public.auth_group_permissions_id_seq', 105, true);


--
-- Name: auth_permission_id_seq; Type: SEQUENCE SET; Schema: public; Owner: postgres
--

SELECT pg_catalog.setval('public.auth_permission_id_seq', 56, true);


--
-- Name: auth_user_groups_id_seq; Type: SEQUENCE SET; Schema: public; Owner: postgres
--

SELECT pg_catalog.setval('public.auth_user_groups_id_seq', 1, false);


--
-- Name: auth_user_id_seq; Type: SEQUENCE SET; Schema: public; Owner: postgres
--

SELECT pg_catalog.setval('public.auth_user_id_seq', 1, true);


--
-- Name: auth_user_user_permissions_id_seq; Type: SEQUENCE SET; Schema: public; Owner: postgres
--

SELECT pg_catalog.setval('public.auth_user_user_permissions_id_seq', 1, false);


--
-- Name: blog_blogpost_id_seq; Type: SEQUENCE SET; Schema: public; Owner: postgres
--

SELECT pg_catalog.setval('public.blog_blogpost_id_seq', 5, true);


--
-- Name: courses_course_id_seq; Type: SEQUENCE SET; Schema: public; Owner: postgres
--

SELECT pg_catalog.setval('public.courses_course_id_seq', 2, true);


--
-- Name: django_admin_log_id_seq; Type: SEQUENCE SET; Schema: public; Owner: postgres
--

SELECT pg_catalog.setval('public.django_admin_log_id_seq', 344, true);


--
-- Name: django_content_type_id_seq; Type: SEQUENCE SET; Schema: public; Owner: postgres
--

SELECT pg_catalog.setval('public.django_content_type_id_seq', 14, true);


--
-- Name: django_migrations_id_seq; Type: SEQUENCE SET; Schema: public; Owner: postgres
--

SELECT pg_catalog.setval('public.django_migrations_id_seq', 47, true);


--
-- Name: events_event_attendees_id_seq; Type: SEQUENCE SET; Schema: public; Owner: postgres
--

SELECT pg_catalog.setval('public.events_event_attendees_id_seq', 23, true);


--
-- Name: events_event_id_seq; Type: SEQUENCE SET; Schema: public; Owner: postgres
--

SELECT pg_catalog.setval('public.events_event_id_seq', 11, true);


--
-- Name: forum_comment_id_seq; Type: SEQUENCE SET; Schema: public; Owner: postgres
--

SELECT pg_catalog.setval('public.forum_comment_id_seq', 16, true);


--
-- Name: forum_forumpost_id_seq; Type: SEQUENCE SET; Schema: public; Owner: postgres
--

SELECT pg_catalog.setval('public.forum_forumpost_id_seq', 12, true);


--
-- Name: lessons_lesson_id_seq; Type: SEQUENCE SET; Schema: public; Owner: postgres
--

SELECT pg_catalog.setval('public.lessons_lesson_id_seq', 20, true);


--
-- Name: lessons_wordoftheday_id_seq; Type: SEQUENCE SET; Schema: public; Owner: postgres
--

SELECT pg_catalog.setval('public.lessons_wordoftheday_id_seq', 9, true);


--
-- Name: accounts_customuser accounts_customuser_email_4fd8e7ce_uniq; Type: CONSTRAINT; Schema: public; Owner: postgres
--

ALTER TABLE ONLY public.accounts_customuser
    ADD CONSTRAINT accounts_customuser_email_4fd8e7ce_uniq UNIQUE (email);


--
-- Name: accounts_customuser_groups accounts_customuser_groups_customuser_id_group_id_c074bdcb_uniq; Type: CONSTRAINT; Schema: public; Owner: postgres
--

ALTER TABLE ONLY public.accounts_customuser_groups
    ADD CONSTRAINT accounts_customuser_groups_customuser_id_group_id_c074bdcb_uniq UNIQUE (customuser_id, group_id);


--
-- Name: accounts_customuser_groups accounts_customuser_groups_pkey; Type: CONSTRAINT; Schema: public; Owner: postgres
--

ALTER TABLE ONLY public.accounts_customuser_groups
    ADD CONSTRAINT accounts_customuser_groups_pkey PRIMARY KEY (id);


--
-- Name: accounts_customuser accounts_customuser_pkey; Type: CONSTRAINT; Schema: public; Owner: postgres
--

ALTER TABLE ONLY public.accounts_customuser
    ADD CONSTRAINT accounts_customuser_pkey PRIMARY KEY (id);


--
-- Name: accounts_customuser_user_permissions accounts_customuser_user_customuser_id_permission_9632a709_uniq; Type: CONSTRAINT; Schema: public; Owner: postgres
--

ALTER TABLE ONLY public.accounts_customuser_user_permissions
    ADD CONSTRAINT accounts_customuser_user_customuser_id_permission_9632a709_uniq UNIQUE (customuser_id, permission_id);


--
-- Name: accounts_customuser_user_permissions accounts_customuser_user_permissions_pkey; Type: CONSTRAINT; Schema: public; Owner: postgres
--

ALTER TABLE ONLY public.accounts_customuser_user_permissions
    ADD CONSTRAINT accounts_customuser_user_permissions_pkey PRIMARY KEY (id);


--
-- Name: accounts_customuser accounts_customuser_username_key; Type: CONSTRAINT; Schema: public; Owner: postgres
--

ALTER TABLE ONLY public.accounts_customuser
    ADD CONSTRAINT accounts_customuser_username_key UNIQUE (username);


--
-- Name: auth_group auth_group_name_key; Type: CONSTRAINT; Schema: public; Owner: postgres
--

ALTER TABLE ONLY public.auth_group
    ADD CONSTRAINT auth_group_name_key UNIQUE (name);


--
-- Name: auth_group_permissions auth_group_permissions_group_id_permission_id_0cd325b0_uniq; Type: CONSTRAINT; Schema: public; Owner: postgres
--

ALTER TABLE ONLY public.auth_group_permissions
    ADD CONSTRAINT auth_group_permissions_group_id_permission_id_0cd325b0_uniq UNIQUE (group_id, permission_id);


--
-- Name: auth_group_permissions auth_group_permissions_pkey; Type: CONSTRAINT; Schema: public; Owner: postgres
--

ALTER TABLE ONLY public.auth_group_permissions
    ADD CONSTRAINT auth_group_permissions_pkey PRIMARY KEY (id);


--
-- Name: auth_group auth_group_pkey; Type: CONSTRAINT; Schema: public; Owner: postgres
--

ALTER TABLE ONLY public.auth_group
    ADD CONSTRAINT auth_group_pkey PRIMARY KEY (id);


--
-- Name: auth_permission auth_permission_content_type_id_codename_01ab375a_uniq; Type: CONSTRAINT; Schema: public; Owner: postgres
--

ALTER TABLE ONLY public.auth_permission
    ADD CONSTRAINT auth_permission_content_type_id_codename_01ab375a_uniq UNIQUE (content_type_id, codename);


--
-- Name: auth_permission auth_permission_pkey; Type: CONSTRAINT; Schema: public; Owner: postgres
--

ALTER TABLE ONLY public.auth_permission
    ADD CONSTRAINT auth_permission_pkey PRIMARY KEY (id);


--
-- Name: auth_user_groups auth_user_groups_pkey; Type: CONSTRAINT; Schema: public; Owner: postgres
--

ALTER TABLE ONLY public.auth_user_groups
    ADD CONSTRAINT auth_user_groups_pkey PRIMARY KEY (id);


--
-- Name: auth_user_groups auth_user_groups_user_id_group_id_94350c0c_uniq; Type: CONSTRAINT; Schema: public; Owner: postgres
--

ALTER TABLE ONLY public.auth_user_groups
    ADD CONSTRAINT auth_user_groups_user_id_group_id_94350c0c_uniq UNIQUE (user_id, group_id);


--
-- Name: auth_user auth_user_pkey; Type: CONSTRAINT; Schema: public; Owner: postgres
--

ALTER TABLE ONLY public.auth_user
    ADD CONSTRAINT auth_user_pkey PRIMARY KEY (id);


--
-- Name: auth_user_user_permissions auth_user_user_permissions_pkey; Type: CONSTRAINT; Schema: public; Owner: postgres
--

ALTER TABLE ONLY public.auth_user_user_permissions
    ADD CONSTRAINT auth_user_user_permissions_pkey PRIMARY KEY (id);


--
-- Name: auth_user_user_permissions auth_user_user_permissions_user_id_permission_id_14a6b632_uniq; Type: CONSTRAINT; Schema: public; Owner: postgres
--

ALTER TABLE ONLY public.auth_user_user_permissions
    ADD CONSTRAINT auth_user_user_permissions_user_id_permission_id_14a6b632_uniq UNIQUE (user_id, permission_id);


--
-- Name: auth_user auth_user_username_key; Type: CONSTRAINT; Schema: public; Owner: postgres
--

ALTER TABLE ONLY public.auth_user
    ADD CONSTRAINT auth_user_username_key UNIQUE (username);


--
-- Name: blog_blogpost blog_blogpost_pkey; Type: CONSTRAINT; Schema: public; Owner: postgres
--

ALTER TABLE ONLY public.blog_blogpost
    ADD CONSTRAINT blog_blogpost_pkey PRIMARY KEY (id);


--
-- Name: blog_blogpost blog_blogpost_slug_9e84ade1_uniq; Type: CONSTRAINT; Schema: public; Owner: postgres
--

ALTER TABLE ONLY public.blog_blogpost
    ADD CONSTRAINT blog_blogpost_slug_9e84ade1_uniq UNIQUE (slug);


--
-- Name: courses_course courses_course_pkey; Type: CONSTRAINT; Schema: public; Owner: postgres
--

ALTER TABLE ONLY public.courses_course
    ADD CONSTRAINT courses_course_pkey PRIMARY KEY (id);


--
-- Name: courses_course courses_course_title_key; Type: CONSTRAINT; Schema: public; Owner: postgres
--

ALTER TABLE ONLY public.courses_course
    ADD CONSTRAINT courses_course_title_key UNIQUE (title);


--
-- Name: django_admin_log django_admin_log_pkey; Type: CONSTRAINT; Schema: public; Owner: postgres
--

ALTER TABLE ONLY public.django_admin_log
    ADD CONSTRAINT django_admin_log_pkey PRIMARY KEY (id);


--
-- Name: django_content_type django_content_type_app_label_model_76bd3d3b_uniq; Type: CONSTRAINT; Schema: public; Owner: postgres
--

ALTER TABLE ONLY public.django_content_type
    ADD CONSTRAINT django_content_type_app_label_model_76bd3d3b_uniq UNIQUE (app_label, model);


--
-- Name: django_content_type django_content_type_pkey; Type: CONSTRAINT; Schema: public; Owner: postgres
--

ALTER TABLE ONLY public.django_content_type
    ADD CONSTRAINT django_content_type_pkey PRIMARY KEY (id);


--
-- Name: django_migrations django_migrations_pkey; Type: CONSTRAINT; Schema: public; Owner: postgres
--

ALTER TABLE ONLY public.django_migrations
    ADD CONSTRAINT django_migrations_pkey PRIMARY KEY (id);


--
-- Name: django_session django_session_pkey; Type: CONSTRAINT; Schema: public; Owner: postgres
--

ALTER TABLE ONLY public.django_session
    ADD CONSTRAINT django_session_pkey PRIMARY KEY (session_key);


--
-- Name: events_event_attendees events_event_attendees_event_id_customuser_id_7955dc10_uniq; Type: CONSTRAINT; Schema: public; Owner: postgres
--

ALTER TABLE ONLY public.events_event_attendees
    ADD CONSTRAINT events_event_attendees_event_id_customuser_id_7955dc10_uniq UNIQUE (event_id, customuser_id);


--
-- Name: events_event_attendees events_event_attendees_pkey; Type: CONSTRAINT; Schema: public; Owner: postgres
--

ALTER TABLE ONLY public.events_event_attendees
    ADD CONSTRAINT events_event_attendees_pkey PRIMARY KEY (id);


--
-- Name: events_event events_event_pkey; Type: CONSTRAINT; Schema: public; Owner: postgres
--

ALTER TABLE ONLY public.events_event
    ADD CONSTRAINT events_event_pkey PRIMARY KEY (id);


--
-- Name: forum_comment forum_comment_pkey; Type: CONSTRAINT; Schema: public; Owner: postgres
--

ALTER TABLE ONLY public.forum_comment
    ADD CONSTRAINT forum_comment_pkey PRIMARY KEY (id);


--
-- Name: forum_forumpost forum_forumpost_pkey; Type: CONSTRAINT; Schema: public; Owner: postgres
--

ALTER TABLE ONLY public.forum_forumpost
    ADD CONSTRAINT forum_forumpost_pkey PRIMARY KEY (id);


--
-- Name: lessons_lesson lessons_lesson_pkey; Type: CONSTRAINT; Schema: public; Owner: postgres
--

ALTER TABLE ONLY public.lessons_lesson
    ADD CONSTRAINT lessons_lesson_pkey PRIMARY KEY (id);


--
-- Name: lessons_lesson lessons_lesson_slug_af9ce118_uniq; Type: CONSTRAINT; Schema: public; Owner: postgres
--

ALTER TABLE ONLY public.lessons_lesson
    ADD CONSTRAINT lessons_lesson_slug_af9ce118_uniq UNIQUE (slug);


--
-- Name: lessons_lesson lessons_lesson_title_key; Type: CONSTRAINT; Schema: public; Owner: postgres
--

ALTER TABLE ONLY public.lessons_lesson
    ADD CONSTRAINT lessons_lesson_title_key UNIQUE (title);


--
-- Name: lessons_wordoftheday lessons_wordoftheday_date_key; Type: CONSTRAINT; Schema: public; Owner: postgres
--

ALTER TABLE ONLY public.lessons_wordoftheday
    ADD CONSTRAINT lessons_wordoftheday_date_key UNIQUE (date);


--
-- Name: lessons_wordoftheday lessons_wordoftheday_pkey; Type: CONSTRAINT; Schema: public; Owner: postgres
--

ALTER TABLE ONLY public.lessons_wordoftheday
    ADD CONSTRAINT lessons_wordoftheday_pkey PRIMARY KEY (id);


--
-- Name: accounts_customuser_email_4fd8e7ce_like; Type: INDEX; Schema: public; Owner: postgres
--

CREATE INDEX accounts_customuser_email_4fd8e7ce_like ON public.accounts_customuser USING btree (email varchar_pattern_ops);


--
-- Name: accounts_customuser_groups_customuser_id_bc55088e; Type: INDEX; Schema: public; Owner: postgres
--

CREATE INDEX accounts_customuser_groups_customuser_id_bc55088e ON public.accounts_customuser_groups USING btree (customuser_id);


--
-- Name: accounts_customuser_groups_group_id_86ba5f9e; Type: INDEX; Schema: public; Owner: postgres
--

CREATE INDEX accounts_customuser_groups_group_id_86ba5f9e ON public.accounts_customuser_groups USING btree (group_id);


--
-- Name: accounts_customuser_user_permissions_customuser_id_0deaefae; Type: INDEX; Schema: public; Owner: postgres
--

CREATE INDEX accounts_customuser_user_permissions_customuser_id_0deaefae ON public.accounts_customuser_user_permissions USING btree (customuser_id);


--
-- Name: accounts_customuser_user_permissions_permission_id_aea3d0e5; Type: INDEX; Schema: public; Owner: postgres
--

CREATE INDEX accounts_customuser_user_permissions_permission_id_aea3d0e5 ON public.accounts_customuser_user_permissions USING btree (permission_id);


--
-- Name: accounts_customuser_username_722f3555_like; Type: INDEX; Schema: public; Owner: postgres
--

CREATE INDEX accounts_customuser_username_722f3555_like ON public.accounts_customuser USING btree (username varchar_pattern_ops);


--
-- Name: auth_group_name_a6ea08ec_like; Type: INDEX; Schema: public; Owner: postgres
--

CREATE INDEX auth_group_name_a6ea08ec_like ON public.auth_group USING btree (name varchar_pattern_ops);


--
-- Name: auth_group_permissions_group_id_b120cbf9; Type: INDEX; Schema: public; Owner: postgres
--

CREATE INDEX auth_group_permissions_group_id_b120cbf9 ON public.auth_group_permissions USING btree (group_id);


--
-- Name: auth_group_permissions_permission_id_84c5c92e; Type: INDEX; Schema: public; Owner: postgres
--

CREATE INDEX auth_group_permissions_permission_id_84c5c92e ON public.auth_group_permissions USING btree (permission_id);


--
-- Name: auth_permission_content_type_id_2f476e4b; Type: INDEX; Schema: public; Owner: postgres
--

CREATE INDEX auth_permission_content_type_id_2f476e4b ON public.auth_permission USING btree (content_type_id);


--
-- Name: auth_user_groups_group_id_97559544; Type: INDEX; Schema: public; Owner: postgres
--

CREATE INDEX auth_user_groups_group_id_97559544 ON public.auth_user_groups USING btree (group_id);


--
-- Name: auth_user_groups_user_id_6a12ed8b; Type: INDEX; Schema: public; Owner: postgres
--

CREATE INDEX auth_user_groups_user_id_6a12ed8b ON public.auth_user_groups USING btree (user_id);


--
-- Name: auth_user_user_permissions_permission_id_1fbb5f2c; Type: INDEX; Schema: public; Owner: postgres
--

CREATE INDEX auth_user_user_permissions_permission_id_1fbb5f2c ON public.auth_user_user_permissions USING btree (permission_id);


--
-- Name: auth_user_user_permissions_user_id_a95ead1b; Type: INDEX; Schema: public; Owner: postgres
--

CREATE INDEX auth_user_user_permissions_user_id_a95ead1b ON public.auth_user_user_permissions USING btree (user_id);


--
-- Name: auth_user_username_6821ab7c_like; Type: INDEX; Schema: public; Owner: postgres
--

CREATE INDEX auth_user_username_6821ab7c_like ON public.auth_user USING btree (username varchar_pattern_ops);


--
-- Name: blog_blogpost_slug_9e84ade1_like; Type: INDEX; Schema: public; Owner: postgres
--

CREATE INDEX blog_blogpost_slug_9e84ade1_like ON public.blog_blogpost USING btree (slug varchar_pattern_ops);


--
-- Name: courses_course_title_adcf511e_like; Type: INDEX; Schema: public; Owner: postgres
--

CREATE INDEX courses_course_title_adcf511e_like ON public.courses_course USING btree (title varchar_pattern_ops);


--
-- Name: django_admin_log_content_type_id_c4bce8eb; Type: INDEX; Schema: public; Owner: postgres
--

CREATE INDEX django_admin_log_content_type_id_c4bce8eb ON public.django_admin_log USING btree (content_type_id);


--
-- Name: django_admin_log_user_id_c564eba6; Type: INDEX; Schema: public; Owner: postgres
--

CREATE INDEX django_admin_log_user_id_c564eba6 ON public.django_admin_log USING btree (user_id);


--
-- Name: django_session_expire_date_a5c62663; Type: INDEX; Schema: public; Owner: postgres
--

CREATE INDEX django_session_expire_date_a5c62663 ON public.django_session USING btree (expire_date);


--
-- Name: django_session_session_key_c0390e0f_like; Type: INDEX; Schema: public; Owner: postgres
--

CREATE INDEX django_session_session_key_c0390e0f_like ON public.django_session USING btree (session_key varchar_pattern_ops);


--
-- Name: events_event_attendees_customuser_id_af9d542e; Type: INDEX; Schema: public; Owner: postgres
--

CREATE INDEX events_event_attendees_customuser_id_af9d542e ON public.events_event_attendees USING btree (customuser_id);


--
-- Name: events_event_attendees_event_id_45694efb; Type: INDEX; Schema: public; Owner: postgres
--

CREATE INDEX events_event_attendees_event_id_45694efb ON public.events_event_attendees USING btree (event_id);


--
-- Name: forum_comment_post_id_eb329692; Type: INDEX; Schema: public; Owner: postgres
--

CREATE INDEX forum_comment_post_id_eb329692 ON public.forum_comment USING btree (post_id);


--
-- Name: forum_comment_user_id_ee1c4b93; Type: INDEX; Schema: public; Owner: postgres
--

CREATE INDEX forum_comment_user_id_ee1c4b93 ON public.forum_comment USING btree (user_id);


--
-- Name: forum_forumpost_user_id_f470e9de; Type: INDEX; Schema: public; Owner: postgres
--

CREATE INDEX forum_forumpost_user_id_f470e9de ON public.forum_forumpost USING btree (user_id);


--
-- Name: lessons_lesson_course_id_ddec91f2; Type: INDEX; Schema: public; Owner: postgres
--

CREATE INDEX lessons_lesson_course_id_ddec91f2 ON public.lessons_lesson USING btree (course_id);


--
-- Name: lessons_lesson_slug_af9ce118_like; Type: INDEX; Schema: public; Owner: postgres
--

CREATE INDEX lessons_lesson_slug_af9ce118_like ON public.lessons_lesson USING btree (slug varchar_pattern_ops);


--
-- Name: lessons_lesson_title_bf198a21_like; Type: INDEX; Schema: public; Owner: postgres
--

CREATE INDEX lessons_lesson_title_bf198a21_like ON public.lessons_lesson USING btree (title varchar_pattern_ops);


--
-- Name: accounts_customuser_user_permissions accounts_customuser__customuser_id_0deaefae_fk_accounts_; Type: FK CONSTRAINT; Schema: public; Owner: postgres
--

ALTER TABLE ONLY public.accounts_customuser_user_permissions
    ADD CONSTRAINT accounts_customuser__customuser_id_0deaefae_fk_accounts_ FOREIGN KEY (customuser_id) REFERENCES public.accounts_customuser(id) DEFERRABLE INITIALLY DEFERRED;


--
-- Name: accounts_customuser_groups accounts_customuser__customuser_id_bc55088e_fk_accounts_; Type: FK CONSTRAINT; Schema: public; Owner: postgres
--

ALTER TABLE ONLY public.accounts_customuser_groups
    ADD CONSTRAINT accounts_customuser__customuser_id_bc55088e_fk_accounts_ FOREIGN KEY (customuser_id) REFERENCES public.accounts_customuser(id) DEFERRABLE INITIALLY DEFERRED;


--
-- Name: accounts_customuser_user_permissions accounts_customuser__permission_id_aea3d0e5_fk_auth_perm; Type: FK CONSTRAINT; Schema: public; Owner: postgres
--

ALTER TABLE ONLY public.accounts_customuser_user_permissions
    ADD CONSTRAINT accounts_customuser__permission_id_aea3d0e5_fk_auth_perm FOREIGN KEY (permission_id) REFERENCES public.auth_permission(id) DEFERRABLE INITIALLY DEFERRED;


--
-- Name: accounts_customuser_groups accounts_customuser_groups_group_id_86ba5f9e_fk_auth_group_id; Type: FK CONSTRAINT; Schema: public; Owner: postgres
--

ALTER TABLE ONLY public.accounts_customuser_groups
    ADD CONSTRAINT accounts_customuser_groups_group_id_86ba5f9e_fk_auth_group_id FOREIGN KEY (group_id) REFERENCES public.auth_group(id) DEFERRABLE INITIALLY DEFERRED;


--
-- Name: auth_group_permissions auth_group_permissio_permission_id_84c5c92e_fk_auth_perm; Type: FK CONSTRAINT; Schema: public; Owner: postgres
--

ALTER TABLE ONLY public.auth_group_permissions
    ADD CONSTRAINT auth_group_permissio_permission_id_84c5c92e_fk_auth_perm FOREIGN KEY (permission_id) REFERENCES public.auth_permission(id) DEFERRABLE INITIALLY DEFERRED;


--
-- Name: auth_group_permissions auth_group_permissions_group_id_b120cbf9_fk_auth_group_id; Type: FK CONSTRAINT; Schema: public; Owner: postgres
--

ALTER TABLE ONLY public.auth_group_permissions
    ADD CONSTRAINT auth_group_permissions_group_id_b120cbf9_fk_auth_group_id FOREIGN KEY (group_id) REFERENCES public.auth_group(id) DEFERRABLE INITIALLY DEFERRED;


--
-- Name: auth_permission auth_permission_content_type_id_2f476e4b_fk_django_co; Type: FK CONSTRAINT; Schema: public; Owner: postgres
--

ALTER TABLE ONLY public.auth_permission
    ADD CONSTRAINT auth_permission_content_type_id_2f476e4b_fk_django_co FOREIGN KEY (content_type_id) REFERENCES public.django_content_type(id) DEFERRABLE INITIALLY DEFERRED;


--
-- Name: auth_user_groups auth_user_groups_group_id_97559544_fk_auth_group_id; Type: FK CONSTRAINT; Schema: public; Owner: postgres
--

ALTER TABLE ONLY public.auth_user_groups
    ADD CONSTRAINT auth_user_groups_group_id_97559544_fk_auth_group_id FOREIGN KEY (group_id) REFERENCES public.auth_group(id) DEFERRABLE INITIALLY DEFERRED;


--
-- Name: auth_user_groups auth_user_groups_user_id_6a12ed8b_fk_auth_user_id; Type: FK CONSTRAINT; Schema: public; Owner: postgres
--

ALTER TABLE ONLY public.auth_user_groups
    ADD CONSTRAINT auth_user_groups_user_id_6a12ed8b_fk_auth_user_id FOREIGN KEY (user_id) REFERENCES public.auth_user(id) DEFERRABLE INITIALLY DEFERRED;


--
-- Name: auth_user_user_permissions auth_user_user_permi_permission_id_1fbb5f2c_fk_auth_perm; Type: FK CONSTRAINT; Schema: public; Owner: postgres
--

ALTER TABLE ONLY public.auth_user_user_permissions
    ADD CONSTRAINT auth_user_user_permi_permission_id_1fbb5f2c_fk_auth_perm FOREIGN KEY (permission_id) REFERENCES public.auth_permission(id) DEFERRABLE INITIALLY DEFERRED;


--
-- Name: auth_user_user_permissions auth_user_user_permissions_user_id_a95ead1b_fk_auth_user_id; Type: FK CONSTRAINT; Schema: public; Owner: postgres
--

ALTER TABLE ONLY public.auth_user_user_permissions
    ADD CONSTRAINT auth_user_user_permissions_user_id_a95ead1b_fk_auth_user_id FOREIGN KEY (user_id) REFERENCES public.auth_user(id) DEFERRABLE INITIALLY DEFERRED;


--
-- Name: django_admin_log django_admin_log_content_type_id_c4bce8eb_fk_django_co; Type: FK CONSTRAINT; Schema: public; Owner: postgres
--

ALTER TABLE ONLY public.django_admin_log
    ADD CONSTRAINT django_admin_log_content_type_id_c4bce8eb_fk_django_co FOREIGN KEY (content_type_id) REFERENCES public.django_content_type(id) DEFERRABLE INITIALLY DEFERRED;


--
-- Name: django_admin_log django_admin_log_user_id_c564eba6_fk_accounts_customuser_id; Type: FK CONSTRAINT; Schema: public; Owner: postgres
--

ALTER TABLE ONLY public.django_admin_log
    ADD CONSTRAINT django_admin_log_user_id_c564eba6_fk_accounts_customuser_id FOREIGN KEY (user_id) REFERENCES public.accounts_customuser(id) DEFERRABLE INITIALLY DEFERRED;


--
-- Name: events_event_attendees events_event_attende_customuser_id_af9d542e_fk_accounts_; Type: FK CONSTRAINT; Schema: public; Owner: postgres
--

ALTER TABLE ONLY public.events_event_attendees
    ADD CONSTRAINT events_event_attende_customuser_id_af9d542e_fk_accounts_ FOREIGN KEY (customuser_id) REFERENCES public.accounts_customuser(id) DEFERRABLE INITIALLY DEFERRED;


--
-- Name: events_event_attendees events_event_attendees_event_id_45694efb_fk_events_event_id; Type: FK CONSTRAINT; Schema: public; Owner: postgres
--

ALTER TABLE ONLY public.events_event_attendees
    ADD CONSTRAINT events_event_attendees_event_id_45694efb_fk_events_event_id FOREIGN KEY (event_id) REFERENCES public.events_event(id) DEFERRABLE INITIALLY DEFERRED;


--
-- Name: forum_comment forum_comment_post_id_eb329692_fk_forum_forumpost_id; Type: FK CONSTRAINT; Schema: public; Owner: postgres
--

ALTER TABLE ONLY public.forum_comment
    ADD CONSTRAINT forum_comment_post_id_eb329692_fk_forum_forumpost_id FOREIGN KEY (post_id) REFERENCES public.forum_forumpost(id) DEFERRABLE INITIALLY DEFERRED;


--
-- Name: forum_comment forum_comment_user_id_ee1c4b93_fk_accounts_customuser_id; Type: FK CONSTRAINT; Schema: public; Owner: postgres
--

ALTER TABLE ONLY public.forum_comment
    ADD CONSTRAINT forum_comment_user_id_ee1c4b93_fk_accounts_customuser_id FOREIGN KEY (user_id) REFERENCES public.accounts_customuser(id) DEFERRABLE INITIALLY DEFERRED;


--
-- Name: forum_forumpost forum_forumpost_user_id_f470e9de_fk_accounts_customuser_id; Type: FK CONSTRAINT; Schema: public; Owner: postgres
--

ALTER TABLE ONLY public.forum_forumpost
    ADD CONSTRAINT forum_forumpost_user_id_f470e9de_fk_accounts_customuser_id FOREIGN KEY (user_id) REFERENCES public.accounts_customuser(id) DEFERRABLE INITIALLY DEFERRED;


--
-- Name: lessons_lesson lessons_lesson_course_id_ddec91f2_fk_courses_course_id; Type: FK CONSTRAINT; Schema: public; Owner: postgres
--

ALTER TABLE ONLY public.lessons_lesson
    ADD CONSTRAINT lessons_lesson_course_id_ddec91f2_fk_courses_course_id FOREIGN KEY (course_id) REFERENCES public.courses_course(id) DEFERRABLE INITIALLY DEFERRED;


--
-- PostgreSQL database dump complete
--

